Elvie.Bins71@hotmail.com,hutisupizawusocudopi
Dayna_Nolan@hotmail.com,xoguzafobasifepigoyo
Diamond.Dach89@yahoo.com,hugizaxufahalujojeyo
Carmela5@gmail.com,nimamequxojunevupiwo
Oran.Hartmann91@hotmail.com,gicoreyakicicajijufe
Janis.Hane58@yahoo.com,pixibuyipumuxowubune
Agustina.Casper63@gmail.com,tunuloyasejesixawofa
Sven.Osinski@hotmail.com,gusajusemuxorelovezi
Brionna_Johnson79@yahoo.com,dutokotowoceliqapiza
Enola_Block@hotmail.com,coxihuqawusisavimoxe
Luciano.Heidenreich@hotmail.com,huvomesufocoluvilova
Oral_Sanford@yahoo.com,kirokeriyacudusagiji
Santina.Moore34@yahoo.com,dirineviyubuzayerolu
Shemar.King23@yahoo.com,lahakocoritemakerosu
Freddy92@gmail.com,sakumiwopaxepiwubobi
Genevieve19@hotmail.com,futaqahizazufucarevi
Tomasa.McLaughlin@gmail.com,badipubixowasivayofa
Jarrell11@hotmail.com,kefigibegoxukaxohata
Junior.Wisozk@hotmail.com,kitetireriguyusesoha
Rebeka_Orn@hotmail.com,dubatenajazomamihalu
Rod.Cartwright53@hotmail.com,totiyisicanajixorugi
Cali_Rath52@gmail.com,goxizovejujapuhifula
Jordi_Wilkinson54@hotmail.com,lobepekowemedimojuho
Duncan.Runte89@hotmail.com,cedetonalacopuvivuho
Caesar77@yahoo.com,sedivoxucubiyujirigi
Jayme65@gmail.com,qeqilijojebubicedeke
Loyal.Fay77@gmail.com,yatefijimofopozaceha
Rey50@hotmail.com,hamoxumiroduxuxenuwo
Yesenia_Schimmel46@hotmail.com,boconawirayomejefiza
Zora92@gmail.com,yexofajogowobusequle
Matilda.Bernhard@hotmail.com,qebifuqopunilacunoqi
Sydnee.Lemke@hotmail.com,talehocehuwetehorafo
Erna.Klocko@hotmail.com,zafazicimojayisenaso
Alexandra65@gmail.com,fepuyajucefiyusiraxu
Katharina.Kirlin@gmail.com,panowolovojadurazalo
Bethel.Runolfsdottir28@yahoo.com,zevosodeqaqufugiquzo
Queenie_OReilly66@gmail.com,peziqoyevuxotewuxuso
Stanley_Crist77@hotmail.com,jovigebutozikebomogi
Myrtle1@hotmail.com,biruyiwaxiviyirisixo
Norene89@hotmail.com,gexufexupuyehonaridu
Brigitte_Kemmer57@hotmail.com,bagipucazirudalepewe
Gunnar32@gmail.com,fopelinekamosoriwode
Ana_Lind19@gmail.com,yayogubalinudejunusa
Nola73@yahoo.com,kabejiricorovenipodi
Christa8@yahoo.com,wokaqunuhoqavugiteqa
Garett76@gmail.com,zajehufikitoyibapude
Dorothy36@hotmail.com,bopuvisuluficaqebiha
Garth.Mertz@gmail.com,soqijakavilisabehome
Sibyl.Connelly16@gmail.com,wowawagolofitakanase
Fiona.Rosenbaum@gmail.com,nehiwutubixivuyoxuxi
Kyle37@yahoo.com,coxajiquboqogaxaduha
Lila_Barton35@yahoo.com,ninugotupojiciyoluza
Ari.Ratke@gmail.com,qemawocugefonuxogoda
Trent_Jenkins@gmail.com,mofuputojafodoxewebi
Zelma87@gmail.com,zinatarivagijabevema
Octavia.Nitzsche@gmail.com,qugehoyejezudaqetoxo
Rachel6@gmail.com,yifubacacuposucutabe
Aidan.Stoltenberg2@hotmail.com,sosipocuxabowujoxona
Simone.Nitzsche37@gmail.com,rebotilonogurayonefa
Emmanuelle69@hotmail.com,nuqofaguxicilepacuro
Samantha18@hotmail.com,tobujojitaqunikipeqi
Darion.Wolff@gmail.com,toguharuluwizekahova
Clarissa.Daugherty@yahoo.com,yanenatuziqocemojaka
Joe60@hotmail.com,jaroyexuwovaqoyoziwe
Nellie66@gmail.com,gexuzohicixepiwagabi
Clemmie.Simonis@hotmail.com,yiwahosilumakowocave
Gavin.Upton@gmail.com,kijezuqopeqoxawalise
Marisol_Luettgen90@hotmail.com,zenixutifukicipiyuxa
Timmothy64@yahoo.com,wifesahidawatinohecu
Walker98@yahoo.com,dorowodorodawufaseri
Mara_Hand@hotmail.com,juquyenekeyibuqicazu
Theron38@yahoo.com,seqiruqorubimuyumuxe
Gregoria.Jenkins19@hotmail.com,nevadoradadolazevaco
Koby.Wuckert94@gmail.com,laxafelivekodoqecapi
Lauretta_Turcotte11@yahoo.com,bocohafocewuyezoxudo
May_Pfeffer@hotmail.com,ciqepoyofejuzuxosoga
Ivory6@gmail.com,qovacanamunedomisoyi
Sandy.Carroll25@gmail.com,qopicadusamurofozeci
Talon_Mueller@hotmail.com,qaletenolaledosujobo
Garett51@hotmail.com,yuhaloqeribogosiwaki
Telly93@gmail.com,xatiqivoxujigiroduvi
Delta92@gmail.com,zehanogapubudirekawo
Suzanne.Denesik12@hotmail.com,posecicihucidamoxeki
Walker.Trantow34@gmail.com,wodijexepawigufabuso
Tevin.Tremblay@gmail.com,sijegeyequjixalucaqu
Bernice_Keebler@gmail.com,zedafobolelisipozigo
Maria.Zboncak34@gmail.com,tumigajuwuvidesediyi
Tyrique.Hilpert@hotmail.com,bacetexaguzubahewije
Modesta_Durgan@hotmail.com,kezehumavijisayokuke
Santino_Hirthe16@gmail.com,jorupeteqakosikemari
Mckenzie_Gleason32@hotmail.com,ximohaqeqezonemunava
Richard99@hotmail.com,lofagazarenojumeliza
Judge_Lebsack@yahoo.com,wocokekuriqulafuhuqa
Sylvia.Boyle36@yahoo.com,vuxucemupokizanutuba
Katrine_Wyman@gmail.com,gasoqanaqitihivufeve
Vallie.Pollich@gmail.com,jupuhapovebixafatiga
Cecil85@yahoo.com,tejocotaralitoxaqeba
Bill.Walter73@hotmail.com,godomenefetegazowada
Harmon_Zieme@hotmail.com,ligixubetayabaranire
Constantin34@hotmail.com,cedikunuyazenabusuvu
Zander.Quigley66@yahoo.com,juxepixohubecepivoce
Niko28@hotmail.com,nazuwegahijinujoxocu
Helmer_Kutch@gmail.com,tudekininilukinelasa
Ena5@yahoo.com,bomekeyotafomozulure
Marjory_Hudson@gmail.com,higodajepesadusilifo
Loyce86@gmail.com,rogomuvabawedicoxisi
Baylee_Beier@yahoo.com,naqitolabenitubabaqa
Elian.Macejkovic96@yahoo.com,firebubusacutiyadoro
Carmela.Corkery30@yahoo.com,feyeqeguxoruniciqepa
Stefanie.Stehr@gmail.com,tojobeqaqusazoyuqona
Alvena_Bogisich@hotmail.com,cuxejifubayafujexici
Alexys63@yahoo.com,takowusapemaqiriyela
Lucious.Kerluke4@gmail.com,vaxidufavavijacujiwe
Melody39@yahoo.com,bapebenoyiyucenifomu
Winona.Schneider99@yahoo.com,wuhileyasemagawiyuda
Braden.Schuster@yahoo.com,zucujepoculeyomagexi
Eveline65@gmail.com,nociwutojecedejowizo
Hugh_Schulist@gmail.com,cosebucobulavonamoro
Alia_Deckow82@gmail.com,juhelimijebosujejote
Davin0@gmail.com,wigeketaninehiwosipi
Rudy_Bernhard29@gmail.com,pubovijabitigenevehe
Jasper.Bahringer@hotmail.com,dumacinuwabekiditoqe
Hester.Wunsch@yahoo.com,nutepekiwufifucobuko
Anabel.Von@hotmail.com,bilavibaduforowuxako
Madonna.Cormier40@hotmail.com,voyuneraduvuzuxotazi
Demond.Murray23@gmail.com,kefoleruhejigeqeyuqo
Catharine_Walter@hotmail.com,terukoherademulefodo
Roy.Altenwerth37@hotmail.com,tifitorulegocuyapidi
Katelyn11@yahoo.com,muxoxeyucemovodaquti
Emmy_Rau76@hotmail.com,mijipenexuhefiqifaco
Chance_Metz51@hotmail.com,zagimofagiloposateto
Oran_Hudson@yahoo.com,divilidiwuvagoviwaqo
Oda95@yahoo.com,taciyadoselusubebeta
Alda7@hotmail.com,yususuyolonemetemizo
Clair_Wiegand@yahoo.com,rufasexizexawuninagi
Amelia_Weissnat71@yahoo.com,fupadobucoqupujuhewi
Lula_Bergstrom@hotmail.com,vomefupehotihulewoqe
Trent.Hirthe@hotmail.com,nifapijiduyopuqaduva
Dedric.Anderson84@yahoo.com,koroxuwegehaqowidopi
Charles65@gmail.com,vexoqiyogogemaxigaka
Amy.Jacobs@yahoo.com,vusafuvedarezuvimune
Lottie_Klocko75@gmail.com,yijowubizejadivinoge
Graciela_Thompson@gmail.com,zehunayalitatuyarezo
Forest81@yahoo.com,zemutukuduholatusocu
Osbaldo84@gmail.com,koqatazalecomuwumake
Denis_Davis17@gmail.com,juvilopizotonogelelu
Susanna.Corkery@yahoo.com,nexugacefumuvagenusu
Amir11@gmail.com,kurusufugefinudezave
Nigel18@hotmail.com,lagajacidibevixumumo
Muriel.Kilback@yahoo.com,fawefaqikatefepovuzi
Kari_Hermiston@gmail.com,yiroququtosecorokage
Kaitlin_Pacocha@yahoo.com,peqoyabiwaduxaxonuse
Queen.Kessler32@hotmail.com,qenuyugazakicemaseci
Luigi_Lehner9@gmail.com,yetejezewonucatemiru
Chanel.Schneider18@hotmail.com,deweqonoxikacibudevo
Alan71@yahoo.com,yekahugumimayuyoxaga
Lynn.Jacobson33@yahoo.com,leqemunowujimoyotiji
Keegan.Runte93@hotmail.com,tidihixopirikoqutoje
Haskell70@gmail.com,fofudapozugitisiqogi
Jeff.Skiles@hotmail.com,polavifamegaqodubona
Augustus.Gislason80@gmail.com,fisokenuxofozoyulejo
Delores_Schaefer35@hotmail.com,qeyixuvosaneyivebabi
Elton.Batz20@hotmail.com,dotujimumemimukigodi
Russ82@hotmail.com,pahetamagiraruveguga
Godfrey.Bechtelar82@yahoo.com,kurozetozebumamereru
Josephine.Frami63@yahoo.com,vitesefocasuqetucupa
Roy.Mertz@hotmail.com,rerozuqoyefohowenive
Jazmyn2@yahoo.com,caqemuwekudukuqavako
Brandyn5@yahoo.com,pehadasaliniwakaxehi
Marlen_Hilpert@hotmail.com,hucuhuyadadeqeboguza
Alec.Gulgowski84@yahoo.com,puzogugitoyufimafuno
Lucile32@gmail.com,rahemekagupudawixefu
Hector_Hackett@gmail.com,pefonigogiditigohuju
Adrain.Boyer75@gmail.com,dugicaraneducavaqimi
Jamie_Collier@hotmail.com,hovuhatomibinemokiga
Koby30@hotmail.com,bubomawepiruwaximofu
Robyn.Lindgren@hotmail.com,weticokucekoroyifeki
Melvina_Berge@yahoo.com,racibitatanakorerexe
Jonas.Hansen@hotmail.com,fuhepupasevazehoraje
Lenora22@gmail.com,pezixomujavozacugehe
Daisy_Kling15@gmail.com,begufapanecosuhojule
Libbie17@gmail.com,puxatucejakejoziraqu
Lelia.Cartwright@hotmail.com,haxulemeciyifokanema
Kylie_Yundt@gmail.com,munimufapewiqiyiheji
Halie35@gmail.com,pogezaguketeyagukici
Laila_Conroy64@yahoo.com,bokulixapayugetaviko
Kailey.Hermann23@yahoo.com,cuxacomoqubacehosifi
Zula20@gmail.com,miwafiqoyerenebijodu
Joanie.Douglas@gmail.com,jafikukezilesumexavo
Barton_Kuhic72@yahoo.com,jahexobimiduvujutehu
Shyann53@gmail.com,yaqevebeyoloxusuqehu
Kimberly.Fritsch@yahoo.com,kubafohabuleyajepica
Camilla_Mayert@hotmail.com,werategavijufalikowa
Dashawn55@hotmail.com,biqorowuxasiqijayihu
Talia.Herman@hotmail.com,fucewigalokasotuhuvu
Damien12@gmail.com,fazuviserugutogiliho
Itzel.Jacobs@gmail.com,dumepagiretogapivewa
Casey_Howe@hotmail.com,huluyopamabayekehaqa
Alysson55@yahoo.com,wugomeyupepavejoguwo
Frederique15@hotmail.com,hihalapulecevoteniya
Isaiah71@gmail.com,fupipewoxizajahiwunu
August.Heathcote@yahoo.com,wumexozolizopokapeko
Darrell.Padberg87@gmail.com,gukafiwakamafuhonika
William_Hermann49@yahoo.com,jihiyanufoyixenuneco
Camren92@hotmail.com,sequbeqifenovokawewi
Clint43@gmail.com,yoteguxelusatetasewa
Tyrese.Roob42@hotmail.com,pubexebofadowibosegu
Joannie.Morissette64@yahoo.com,kasakayokotagoneyeto
Lawrence.Friesen74@gmail.com,tejenuloyikizajamihu
Alysson94@hotmail.com,falilunogurubuluwodi
Autumn.Padberg84@hotmail.com,ruqicarehuxokolilasi
Eliezer11@yahoo.com,gitaqosohajexolawaha
Fae_Gleichner23@gmail.com,nirimagexajukudexiho
Raheem72@yahoo.com,jekewulovodecogoqazo
Thea48@yahoo.com,hexoxihuqoqobimugebu
Trevor_Strosin@yahoo.com,jezofenunatenozafuhu
Rubye51@hotmail.com,fasivagapefigaqomomo
Irwin_Waters33@gmail.com,zumopenimoduqacevala
Haven.Muller81@gmail.com,vamimeruxokasakihogi
Garry_Pollich@gmail.com,yupimoxinazujuvahoyu
Waino.Jast@yahoo.com,qacugihuvolovowuniyu
Ella_Yost92@hotmail.com,xadewuvepowasoyanuli
Buddy35@gmail.com,luxewiduzihoduworucu
Audrey.Ferry70@gmail.com,sucavoqucicukacuvato
Claud_Goldner@gmail.com,kizoganelonocisagodo
Serena.VonRueden20@hotmail.com,vofepavazobijekenoju
Zaria93@gmail.com,jegoyapotubosohafici
Dan67@yahoo.com,jopilicaziherenimopo
Judah96@hotmail.com,yobexeruyuxuwenalipu
Litzy71@gmail.com,jiwozoredikugahikuku
Elijah_Emard@hotmail.com,fiyonudabemipeqivugi
Daisy.Swaniawski@hotmail.com,fozuyafuhilalosipema
Bill.Langosh@gmail.com,bawucurivoguguladoci
Karlee.Kozey79@hotmail.com,sagufevusigezopevayi
Ashley69@yahoo.com,yavowedulokajagubalu
Rowland10@yahoo.com,daduhelukabodumenexe
Clement_Gulgowski88@yahoo.com,bogoneretifemiboreku
Jude.Lehner@yahoo.com,riferokuzanalenucuze
Bernhard.MacGyver@yahoo.com,raherifejeqipayohacu
Giovani0@yahoo.com,coyugobikizobihucixa
Kavon_Kovacek78@hotmail.com,bokacazanozeceqaseca
Gino.Thiel61@yahoo.com,zatemunudowekihajipe
Eldon71@yahoo.com,kiquvisozorutigonoce
Waylon_Klein@hotmail.com,lilipizafoqowajuyizi
Alivia.Berge@hotmail.com,qetesirubipozojorudi
Zion.Morissette13@yahoo.com,qukiyogomonozolokofo
Lucious25@yahoo.com,zidehamikakepiwaceku
Rasheed_Halvorson96@hotmail.com,xinilavojekulicihapo
Avis.Kunze81@yahoo.com,mupatuwuyapovotoduwu
Savanna.Dooley95@hotmail.com,cibebiwibusixesalego
Alexandra_Lynch@yahoo.com,xaxagevatuhajazijesu
Chaim_Kshlerin@gmail.com,taviwimezojaverejabu
Maya.Shanahan98@hotmail.com,bukejuqejexicipizera
Molly_Beatty@gmail.com,pulujagusuzujusepehu
Augusta58@yahoo.com,vunoturoriyisuloxibo
Jayde58@yahoo.com,zizocuxokazayufeqela
Wendell_Ledner@gmail.com,zeduxulujajatihuvoke
Frida_Sporer@yahoo.com,weramebedidocinomixu
Malvina53@hotmail.com,saqebukiliganawavuko
Imogene51@gmail.com,verefaredetamidavabo
Opal68@gmail.com,dofidefejufibiwaluxi
Alejandra_Barton14@hotmail.com,gohituvagenezahinuya
Ceasar.Rempel88@gmail.com,guzoqaqocevepuzoyofi
Pinkie_Pfannerstill@yahoo.com,yaluciqaqihiligezozi
Birdie44@hotmail.com,dihexamupamobamuxofi
Ron96@hotmail.com,wimusaseyafulupokati
Raul_Ritchie59@gmail.com,pekizanibibawawinije
Cristal66@hotmail.com,docututewixoduveyopi
Mustafa81@hotmail.com,zokubahemopezihamuqo
Stacey.Braun77@yahoo.com,zeyefarocuxakuyewime
Katherine_Zboncak30@yahoo.com,zetasafohonajowipina
Marietta.Treutel70@hotmail.com,yifaqepebiyozoqafavu
Antoinette.Flatley76@yahoo.com,tetitajupejofarusihi
Muriel_Kub25@gmail.com,bimusazuwamulivejeca
Jesus.Dibbert90@yahoo.com,dowabatahucoginoqiqo
Hayden.Lakin@yahoo.com,tiyetobucatugaruluto
Luciano.Streich8@gmail.com,sakurudirotufohovavu
Orville.Grady@yahoo.com,guvitomucavaxafomehu
Tressie_Kunze24@hotmail.com,bofusageyayonunahexu
Shannon87@hotmail.com,baxozezukebiqiguziyi
Morris74@gmail.com,cahocokabutapanodoxi
Quentin_Douglas@hotmail.com,xaruwaqidojugakamato
Chyna_Hayes87@hotmail.com,cususirepudeqofoqibu
Ericka.Ziemann4@hotmail.com,jeweruguzurularazaku
Kelly_Feest@gmail.com,kevelolobojaninojajo
Tremaine_Kunze@gmail.com,xahunobubusatolavuxa
Laurie_Rodriguez@hotmail.com,pamamofanodamelixilo
Vivienne_Strosin@gmail.com,ketoxasahutiqabayasi
Dane24@hotmail.com,kefasovojicibamoxame
Ernie.Lakin@gmail.com,tiyobaqigolilufeboyo
Pierre_Goyette73@hotmail.com,niqedopejivevuyijoka
Green.Bauch54@hotmail.com,givebidexotugovubage
Ned24@yahoo.com,royorarolijuwafetace
Alexandrine85@yahoo.com,jofudalamijutanovaci
Karl71@hotmail.com,matolenasawazevobolo
Neva27@hotmail.com,gejicuqelukexesunipu
Molly_Luettgen@yahoo.com,xiqizimowugucokimumi
Orlando12@hotmail.com,cavanajoxisipaqekoqe
Mateo16@yahoo.com,linuqobiwenunipipuco
Urban_Von@yahoo.com,bohomatafuxigovubiso
Geovanni71@yahoo.com,ravuhiyagowijunujoru
Adella_Ebert@hotmail.com,gobokarukubuhevovuma
Citlalli0@gmail.com,tuqiguviqutiledokutu
Leora.Farrell3@gmail.com,buzoyuyehelazirisino
Sylvester.Davis21@gmail.com,qimesuhegezejugalabu
Cyril_Wunsch2@hotmail.com,rezojaxenemevigedika
Jessie_Bradtke34@yahoo.com,talazakujaxujetovubo
Camila_Howell@yahoo.com,soyabopuwetusuhiqefa
Ericka_Hayes@hotmail.com,fixugamenivuwivucopo
Bernie_Jakubowski@hotmail.com,ruvuxefixoyaxotisuvu
Herminio_Corwin@yahoo.com,woqedeluwuwoxopodilu
Angelita_Lynch@yahoo.com,jubaxaresirozonaweje
Roxane.Brakus@gmail.com,mexebomakihacoqerohe
Keeley.Grimes@yahoo.com,xureyicapepoyikamego
Mireya85@yahoo.com,fanapuyoxaraculamocu
Axel14@yahoo.com,herayucehoduzigalune
Bettye.Bruen@yahoo.com,vanagolalogaxekapaca
Brandy59@gmail.com,manehudixafinoyoxuju
Lennie_Klein10@gmail.com,wutevisutekekosotoqo
Lenora24@hotmail.com,lurafezuvajusenoxejo
Molly63@hotmail.com,koparedacagabacuhawe
Elwyn67@yahoo.com,fadinawoyoxubapohopu
Jared.Block65@yahoo.com,qecavexebuzuweyekare
Adrianna.Carter@hotmail.com,lagehakuwefihumoluvi
Cara_West@yahoo.com,cayedafikipekizukoju
Daren.Weimann@hotmail.com,ciwoseyimeqosizofozo
Herminio.Abshire@yahoo.com,laqijeyaciqirubusili
Ryley62@yahoo.com,gagumoropuliyumebude
Fernando.Sauer@gmail.com,weqepozevidexiqecoma
Tyrel.Weissnat@gmail.com,giwepekopahehezupulo
Chauncey.Grimes54@hotmail.com,metinuzokohojaponexi
Elva.Keeling@hotmail.com,qijikeraluvolowuduji
Elvis_Fisher@hotmail.com,daranuxeseqedetewuku
Timothy_Kutch@yahoo.com,neleqasizuduhiqifuba
Maurine78@gmail.com,jonulufotenepapirewa
Alisa.Bailey@yahoo.com,waqucavumejavesoruwa
Kirsten_Schamberger25@hotmail.com,jugulirexaqonofapesu
Claudine_McKenzie77@yahoo.com,ratabopihalofoweziqa
Markus78@yahoo.com,nidilucidabonahinidu
Danielle_Hills@hotmail.com,somohafimixizabiluzo
Vallie_Abernathy33@gmail.com,qotanizicivoyitowusi
Khalid94@gmail.com,lekelefivawecopexehi
Matilde10@gmail.com,qihomumehufimugeyafo
Lucile.Fadel31@yahoo.com,dezuhahedesujoyecuce
Haleigh_Wuckert42@yahoo.com,gesemucumegedixafori
Marty_Tremblay@yahoo.com,qaqoqidikorememiguyo
Antone.Wisozk70@gmail.com,riduyixiyoyepewahuwa
Dario2@gmail.com,tuwixixewesiqonetivu
Harley.Rolfson@yahoo.com,bozerocodiravikasuto
Jonas.Johns57@yahoo.com,zuteqahifiminucakiti
Zane.Will59@hotmail.com,mureguxirakosijurusu
Eleazar.Robel17@hotmail.com,genunuzanacoqikatefu
Lisa13@yahoo.com,jisotilewasuceluliwi
Tatum_Parisian78@yahoo.com,puraciqojejaqovevofa
Lorenzo.Wehner@gmail.com,kakigoguqoxijisusuhe
Ozella_Beatty@yahoo.com,yitibudonuqizesujafu
Kay.Bogan61@yahoo.com,bakivehixoworajivomi
Aubree93@gmail.com,demawezexehodizijogu
Melyna94@hotmail.com,miqelaqehobihezugiyu
Vernice_Schroeder49@yahoo.com,zuholihuvigexibudica
Cory56@hotmail.com,miwanonehokukihacuwa
Tad_Zemlak@hotmail.com,vikaxohiwidarigasulo
Yessenia.Yundt@yahoo.com,qigezanuwajemaduzemu
Ismael.Fahey52@yahoo.com,warocokevotesobagabo
Coralie62@hotmail.com,fojogicinomesejatuge
Lucas_Armstrong1@gmail.com,susewugabebadonacupe
Alejandrin7@yahoo.com,gidamejeniguwimawave
Jany66@gmail.com,mafaxihatahulevinoyu
Elva_Bechtelar50@hotmail.com,zewiterekigizoxolatu
Fredy_Cummings@hotmail.com,dorawekodoziyaxedoru
Lexus_Kunze1@hotmail.com,vaconobudivoyutazece
Woodrow28@gmail.com,bewajinosujizetekima
Pat.Rogahn6@gmail.com,vuzikeqalevuvonipuwa
Viviane.Bernier@gmail.com,kumafusezaniyiqepetu
Adeline_Hayes20@gmail.com,luyebihibicadefayuje
Magali_Douglas60@yahoo.com,jigajolezibanemerugi
Ava_Bernier@gmail.com,baxesafefolukacojezi
Katarina69@gmail.com,wuvucirixetujupapefi
Vesta_Ortiz25@hotmail.com,rebirudoqoguhanuxusi
Percy55@hotmail.com,vayirecikuyubafenife
Jayda_Legros4@gmail.com,rigicawudetahareqoqa
Dominic.Mraz@yahoo.com,rowudomekoxunigesoto
Darren.Wiza@hotmail.com,sidocohigenewazevoru
Daisha77@gmail.com,peyewucucebuteqilome
Jessyca.Nitzsche80@gmail.com,wedukutijeteqilifuji
Brenden12@gmail.com,yofotakucoyeyataveca
Shana_Jaskolski@gmail.com,rixodunucakosewixohi
Mohamed.Stehr@hotmail.com,sefoxaranageqeleqoca
Sunny_Ledner34@hotmail.com,roxedilirabamocareqa
Claudia.Boyle@hotmail.com,zujegimacoqakeduxeme
Kadin_Gutkowski@gmail.com,qaherukecoyopohijufo
Terrill13@hotmail.com,zohedocacisoduvuyoki
Charlotte29@hotmail.com,noxojunufatufamaqofo
Immanuel53@yahoo.com,cebawipulisemipoqaye
Forest.Hane@yahoo.com,futekiyohurepukarawa
Devan_Kilback53@gmail.com,yamamehiqopimevufolu
Cordell_Bode@gmail.com,pisaguselibozicirovi
Domingo.Larkin26@gmail.com,yuhicoxekewixukatuxu
Will2@hotmail.com,buqavoniminiqobijicu
Haleigh.Wunsch33@yahoo.com,pususubicajoyavopene
Annamae_Pollich90@gmail.com,gaqiyibajayaviwiwumu
Kylie.Becker@hotmail.com,rujaxugepuvotemeyoxa
Earl.Mante@yahoo.com,gaqitigijaguzevuqoze
Natalia93@yahoo.com,xuvoromukuxayuriqiyo
Marge_Schaefer@yahoo.com,sevewonozoluweripuma
Emma_Lindgren@yahoo.com,hexovenahegivusoxoza
Odie11@gmail.com,mefewemulehawanulino
Celestine_Jacobson@hotmail.com,rawerixelonawifihuta
Camilla_McCullough@yahoo.com,codecoziwahececeyota
Jadon18@hotmail.com,fenutasudaborosomehu
Kailyn_Greenholt62@hotmail.com,vetanarepurukuzotumi
Pascale.Ritchie@hotmail.com,bosugaduyaxetucujodi
Dean60@yahoo.com,mipujenamubejufibuti
Maximilian52@gmail.com,xabepuhuhewuxaracamo
Cortez42@gmail.com,lasuquxenetepopatika
Vladimir_Heaney@gmail.com,cesasimorukukicuqaga
Cheyenne_Langosh@gmail.com,sezulakuzesasageweye
Arnaldo_Shields@gmail.com,nutonorayotayepuwuru
Shaina.Welch97@hotmail.com,gikesujeravamaxeluvo
Eileen_Miller51@hotmail.com,pogetutexezepesevote
Macie96@hotmail.com,jamupecipiruwitijoye
Danielle_Doyle82@yahoo.com,pexuderisajotixoleji
Leopoldo_Waters77@gmail.com,jeqozowagovoyedemase
Brennan63@gmail.com,viyivumicucaqowuqila
Kaycee14@yahoo.com,kitepoyumojuvoxofuwo
Destany.Bogisich@gmail.com,yajeyutulecunitamiwi
Milo.Champlin1@gmail.com,vucucelemeyibexovava
Onie.OConner@gmail.com,zihukevovaxajazorepa
Erna83@yahoo.com,yaviginesupecuwufapu
Alec70@hotmail.com,taqaqevefimamunebure
Zella23@gmail.com,gutiminoqayaqurepitu
Oscar_Abernathy59@yahoo.com,barerawowokibayisabo
Oswald8@hotmail.com,luyocagelepuditotoxe
Roosevelt6@hotmail.com,qegohujurofilekemiqi
Ahmad_Bahringer@hotmail.com,kexicajuyecesihoriki
Elian_Reilly@yahoo.com,xuhedixaqefoyorakeho
Adrian_Bartoletti14@gmail.com,lexuruvepediwaqojoco
Sheila_Hessel@gmail.com,jagakamovoyonegazari
Clement9@gmail.com,bahiququbesaroqibiyu
Bridgette_Friesen65@hotmail.com,kuwugapimufazuvecapa
Keenan.Kuhlman@hotmail.com,toyanefodecurepefoji
Matilde91@hotmail.com,sokuvumulagatomudive
Angeline60@gmail.com,qoqahuqolanaruvibiyu
Oliver.Zemlak@hotmail.com,tilojiqecebamobotazo
Lexie.Bernhard@yahoo.com,zisebaxacocaneraziwe
Lonnie52@gmail.com,vayamomizaronahawoyo
David_White@yahoo.com,levuhuvuluzecevunico
Raymundo69@hotmail.com,xulayupuhijitabofici
Lesly6@hotmail.com,rifejenimepovudodivo
Hayden.Murazik@hotmail.com,naqozaxojalixisifasu
Electa6@yahoo.com,huhuboqizuxewunoduba
Kevon_Bogisich@hotmail.com,nuxafefojigupesanoci
Henry33@yahoo.com,gukudixajujaverivexu
Addison.Brakus17@hotmail.com,gilahukucihorizoqira
Jannie75@yahoo.com,rohemupijaxijelinajo
Justine50@gmail.com,jocuwobowivevecafoti
Torrey30@hotmail.com,ziyasuzimujovabatiki
Jessika_Swaniawski27@hotmail.com,lizivuyomokayuyimija
Enos_Champlin@yahoo.com,hocuyiqeciwocixepule
Hope_Schroeder79@yahoo.com,wunutarozumimubalapu
Caleb.Kilback@gmail.com,giqipesemuzagofuquho
Santina.Turner40@yahoo.com,funibenumehaponapenu
Josiane87@yahoo.com,jiluwadidobonovojolo
Tania.Adams21@hotmail.com,xoqafugivipozitoxosu
Zita.Medhurst32@hotmail.com,kujupozupesojepinovu
Jerry_Batz40@gmail.com,mibunomevajohacaduro
Cathy_Hahn14@yahoo.com,pebicehelugozidatulo
Herminio_Gutkowski83@hotmail.com,niwonucuwuhivajurewa
Remington_Pfeffer49@hotmail.com,zumabocosezawavoteli
Elfrieda.Thiel@yahoo.com,mupayegecujurazuxuda
Rosanna_Russel57@yahoo.com,gijizuruqetukesiwaza
Adrain66@hotmail.com,jolilezoduxuquyeseqi
Julius_Bode69@gmail.com,hojupehucofoxalitavi
Jennyfer_Stehr47@yahoo.com,gudexomukadovifumiha
Adela_Schimmel79@yahoo.com,famewiwozegabehufugu
Leda48@hotmail.com,divajadusunewimirolo
Teresa6@hotmail.com,gihavayubanecerihumu
Myrna_Mitchell35@gmail.com,befowumohuqetikatutu
Emilia.Emmerich@hotmail.com,pucevaqozumagoluqapi
Susanna_Wisoky@hotmail.com,vaxihaxorebimapuruca
Fredrick12@gmail.com,rewakiqigufepazeyahu
Maximillian.Abbott@hotmail.com,bugeyarusutuxezosiro
Tomasa19@hotmail.com,hizofipeyozapejiveqo
Jakayla_Ebert@gmail.com,volubivohuvilevalaho
Robb70@yahoo.com,xewiyewiraqicazoviga
Annie96@yahoo.com,dogubuseqobevunuxefa
Davonte.Lockman74@gmail.com,picadodojutixirasino
Adeline_OHara@yahoo.com,jibebufefazavozabohu
Jessy0@hotmail.com,zugasoyiyuxojemewiba
Bobbie_Nikolaus26@yahoo.com,yowobokecenucuhisewi
Estevan_Powlowski@hotmail.com,zuboqozugaxilidalowa
Hardy.Kunde@hotmail.com,hiwuhipidequkejoqiju
Dayton26@yahoo.com,cekajatacojihuguvuzo
Lesley61@gmail.com,sihayiqexoyajatogexe
Clovis_Stark@hotmail.com,rapitihilimecarasiki
Loyal_Hickle@gmail.com,zemocoyojilixupizeza
Olin.Mayer35@gmail.com,nisolohaladikihaqipe
Shaina.Wuckert@hotmail.com,sinawezimacaxijofene
Aleen2@hotmail.com,haqasizorefujidolufo
Kevon69@gmail.com,yawoyiwohebihazibuda
Hellen79@hotmail.com,qumabireduzesehukaja
Pedro_Padberg88@yahoo.com,kowosehepejanuqubira
Sylvester28@gmail.com,jugunenisoqicezududi
Mittie.Mann78@yahoo.com,cacebacudiyoxapecuma
Caleb4@gmail.com,yepuqariheyahopozafo
Jayda_Lockman77@hotmail.com,zeyetavuwoxocamanaqe
Janessa_Hermann@gmail.com,bufipezereqopezovewe
Ivory_Howe@gmail.com,ricalebodedokisagoho
Clair25@hotmail.com,kedanewuxaxanavawote
Rhianna81@gmail.com,besosovatawipolokunu
Jennifer_Reynolds79@gmail.com,meyidogubawiyamuhayu
Lonny.Kuphal24@yahoo.com,cesedihunipamupasato
Lyda_Marvin79@yahoo.com,hitawuwikopabugawoba
Simeon_Weissnat@yahoo.com,rabijapizicahuyeniti
Nannie.Steuber@yahoo.com,pobeyogaxolibedepupa
Kristofer34@gmail.com,bejowerujewuhowevusu
Giovanny_Lockman@yahoo.com,viqogaxucihosinireqi
Cathrine46@hotmail.com,qusilosucicimuzizeve
Caesar79@hotmail.com,vafalatiyaviyecujune
Norval.Fisher25@hotmail.com,gelufikinitozodedaxe
Kathleen_Jakubowski@yahoo.com,rimosukonozepibemuna
Hipolito49@gmail.com,lazakihuxozoxucusisi
Cordia_Conn@hotmail.com,xugaxuritefogofutivi
Toney_Kling@gmail.com,kacagoziqevazawoxahi
Kathryne_Schuster@hotmail.com,juparipagevonipohuqe
Ofelia.Zulauf27@yahoo.com,yuwijiledeperojucope
Aditya.Koelpin59@yahoo.com,jecedodapobiqapezaja
Isabelle43@yahoo.com,deloloxixibakefowoho
Maximillia11@yahoo.com,kiwiyoyifoponiduveyu
Elaina42@yahoo.com,qahiluvazozaqavugivu
Antwon.Steuber93@gmail.com,torupukunazevofoxita
Brendon_Hermiston35@gmail.com,dazupahivihacecatizo
Rosalee.Johnston87@yahoo.com,fucaqutotifaquregaku
Mac93@hotmail.com,mejomovedakigizewumi
Anais_Herman@hotmail.com,zegavoqiyivecacareba
Sandy49@yahoo.com,zeneloxefemisusemuqi
Arlo_Hane@hotmail.com,wisucotuvojucukajota
Delmer_Braun@yahoo.com,vuqebubirahaxucebeti
Zaria_Rath@yahoo.com,zokivaqikuxoquvululo
Luella_Kling60@gmail.com,fegicekezekubohotuci
Blanca_Kohler@gmail.com,cifujasejobelosuseje
Noemy_Boyle69@gmail.com,ropunevewusawaqisowu
Eden_Graham36@hotmail.com,kecayobulipinahevehi
Rebeca_Watsica@yahoo.com,jedifuyoyaraxepotoba
Cecilia_Okuneva@gmail.com,bazahirovopadobiraye
Pansy.Kunde23@gmail.com,noyevefuculolajohota
Myrl27@hotmail.com,doticavelujijezipedi
Bradford_Funk@yahoo.com,sixoxaqocofehedosade
Salvador_Considine31@gmail.com,qekibezodijenewagowi
Lia_Gleichner@gmail.com,ledivejumofiyoqavaro
Imelda38@hotmail.com,jolufixegopalevenope
Erna97@gmail.com,qahogabipikajajahuga
Eulah98@yahoo.com,gisejidatovijufutoko
Flossie50@yahoo.com,cetiwapezorijuvebaho
Nola27@hotmail.com,vohubawovalocojaroda
Dimitri_Anderson33@hotmail.com,qicudadewonomuverizo
Cristopher33@hotmail.com,siroxudoxefedixilela
Elvis_Glover@yahoo.com,vubemakosagofokemodi
Jacky_Hermiston88@gmail.com,pasowavahezusirarevo
Sheridan.OConnell@hotmail.com,vikejegenaruqaruhepe
Anabel1@yahoo.com,vefoqenevuvixomatibe
Clint_Jast79@yahoo.com,nakovoweyesexezezoco
Ross17@gmail.com,qokevededoxigekogepo
Jovani82@yahoo.com,xugubiyupexikewirube
Evalyn_Orn49@yahoo.com,xaxafamopehetifoveta
Jewell_Thiel43@yahoo.com,dawolicecenutatologu
Mathias.Hickle29@yahoo.com,kaxaxupiqamulanalesu
Claire.Mante@hotmail.com,zedecuvobuhegolejecu
Alayna98@hotmail.com,wugatesiqewuzuvaxove
Anastacio.Tromp65@hotmail.com,hapogeduhuqeqajuwaso
Greta.Jacobi59@hotmail.com,hociliquwaruwupogeto
Federico_Labadie45@hotmail.com,fuqijesanebazoforake
Madisen.Armstrong@gmail.com,fafenesecatuduzicuhe
Carter80@hotmail.com,dezobiyemoqecilotoro
Amanda.Lemke8@hotmail.com,rulixidodopegogopagu
Xzavier.Rath@yahoo.com,capiqecakabawezucura
Nakia95@hotmail.com,jarutigibiyukivexozu
Hoyt79@hotmail.com,baqivepeyevupisebowo
Jairo_Jenkins@gmail.com,comomevabaheyubicola
Myah.Botsford@gmail.com,kequlecapiqibobunamo
Carlos.Barrows@hotmail.com,huwixokifovemiketesu
Virginie_Feeney@yahoo.com,yagipoledorihopehefu
Janet70@yahoo.com,zedoqiwusuvetumayiba
Magdalena.Carroll@hotmail.com,piqiwitawupesasicice
Kamren.Ratke40@gmail.com,muyeqewuredabafayuce
Toy_Parker65@yahoo.com,pulipidosabekuriqebo
Domenica_Nolan87@gmail.com,lavaviqexuvuvemahiti
Mauricio47@yahoo.com,menuyumitidorasipeku
Vincenza_Abshire21@yahoo.com,lilizuruxalazedugala
Jermey17@hotmail.com,feheqahinomoyovocale
Shawna61@yahoo.com,sutihekafuvuyifupexu
Ferne91@yahoo.com,lipihametavabumuyugu
Belle38@yahoo.com,citogukotutebeboqiso
Lorenz90@yahoo.com,wamonimahexadebalodu
Braulio_Wiegand@yahoo.com,vijopafayatalatazeva
Harmon_Rohan80@hotmail.com,behiyivoweguraqidaxa
Bettye_Rau66@gmail.com,podedakelumelujotara
Dina87@gmail.com,beyuwadujivehihugope
Israel.Walter47@hotmail.com,pipexumuxatapewukuye
Torrance39@gmail.com,xacumopiziyohidolubi
Nestor.Halvorson65@gmail.com,lupuzezoqakabunagafo
Alia2@yahoo.com,naqikiyewerihamowipo
Gerda.Lakin@hotmail.com,mizeqacuyogupemixilo
Raphaelle_Okuneva@gmail.com,gecijuceduhosaqalayi
Wayne40@yahoo.com,xekoyawixoyoruriyime
Elza.King@yahoo.com,rilesiyagetucakolivi
Ransom99@gmail.com,rafibumuyofecopakune
Ronny_Williamson@hotmail.com,salugabumukidudogafi
Emily.Hoeger@gmail.com,womodonosomuqasapiba
Douglas_Trantow68@yahoo.com,faxafoneruhukexupiju
Dwight55@hotmail.com,helojosepezuxeguvite
Edward74@hotmail.com,lawirezunanuwalaqube
Blair.Dietrich80@gmail.com,giropoyaregaziwacira
Ernestine.Emmerich38@yahoo.com,qibotimilekiwefafodu
Chauncey17@gmail.com,cozuqowiruyacusiqehe
Gardner_Schinner43@hotmail.com,jotelokucasabesumoyo
Greg23@hotmail.com,buqojagixuneputomoye
Verlie.Bahringer@gmail.com,lifehurimozesehopavi
Elvie.Zieme@gmail.com,gihuhipadivurohojodo
Elisa_Larkin57@yahoo.com,kuvagowifuxabeduzulo
Anne_Gleichner92@hotmail.com,xukubizahitikobaqima
Derek.Stracke69@yahoo.com,zicoyohuyizukedesewi
Kirk61@yahoo.com,fufizebotagahivihufe
Emmalee_Lindgren47@yahoo.com,merunuxegocuqecehomi
Emory_Daniel@yahoo.com,linigexexumiculuduto
Zakary.Mante@hotmail.com,topemozahimecopatica
Hazle_Skiles63@gmail.com,kaxakutezuhosugoduwo
Imelda26@yahoo.com,kadifeneputofopujusu
Angeline_Kiehn@yahoo.com,buyamanizayuritukinu
Avis_Hirthe@yahoo.com,xukeyufezimobavuzobe
Vergie20@gmail.com,kilezenulahisomopube
Dejuan_Willms@hotmail.com,jawujagaguxiwivuyahu
Ezekiel.Rogahn@gmail.com,goqijujagepipatigaju
Thurman82@hotmail.com,bicedaqakifahovegepe
Keeley_OKon@yahoo.com,pineyiwupemadatakito
Cindy.Wolf6@hotmail.com,hopulikenonimebewoya
Marshall_Schuppe7@hotmail.com,sudunidiqulivulinove
Mauricio_Runte@gmail.com,podecojebiwojelamima
Trever74@gmail.com,paveyofadibotijubile
Chet.Leuschke13@hotmail.com,tiyekucurowuserekere
Tad_OConner87@gmail.com,nurigitavuvuyaguruvo
Wyman.Williamson32@gmail.com,zafejekepagobayifahi
Weldon41@hotmail.com,yikunufilohivagiqalo
Winfield.Bartell@yahoo.com,rijokeriribitiyigota
Pierre77@yahoo.com,dofuvovusosenusizuju
Trycia.Mertz@hotmail.com,wafemodoxehumiwojeqo
Maxie97@gmail.com,zofusinalacarivupovi
Greta9@gmail.com,qojisapuhunofoguruqa
Trevion_Macejkovic0@yahoo.com,junalifixatodumijahe
Pinkie.Kovacek15@gmail.com,cebidoyejadihoradoxe
Marta_Borer@yahoo.com,yiduduvuxiduhaneriju
Annabell.Gerhold95@gmail.com,fiduzodiwixevezidoma
Keith20@hotmail.com,voxuduguqawuzuyaviha
Angeline.Breitenberg22@gmail.com,rapayoqonebepejugimi
Travon.Reynolds24@yahoo.com,fusetetenivizokepuhu
Leanne61@yahoo.com,marelilusubenakiwude
Celia9@yahoo.com,nuxekoheqonojusoqiku
Nayeli_Borer@yahoo.com,xorihodafozewehuqaju
Madonna60@yahoo.com,nadacisicohidulaseve
Khalil_Runte48@hotmail.com,duyabewisagosubevawe
Jennings_Schultz50@hotmail.com,rusigugebewudopimaha
Donato_Lesch@yahoo.com,tarefezagunejayuyobi
Emie.Lynch26@gmail.com,huxalexenukubiyizobu
Emilia.Turcotte@gmail.com,dirozomisalibuwosexe
Wilmer_Ruecker98@gmail.com,zifedupubuwijoqoyenu
Maryjane.Schoen45@yahoo.com,wigimajagadacekuvigi
Sabina_Lind@gmail.com,pasucibalazotavuruhi
Misael.Sporer@gmail.com,qowenukeqotezihejofu
Kennedi30@yahoo.com,mubegopihuvacilecovo
Amiya_Sanford@hotmail.com,pehahohoyufotiqajeho
Monserrat38@hotmail.com,mefoqeyuhuviqajodifi
Bette_Ondricka@gmail.com,kivufohebetulalizubi
Verda.Adams1@gmail.com,wasohuzegequmocohaqa
Yasmine.Will77@gmail.com,joxocikatonuyobaqoxa
Freeda85@hotmail.com,timabikuxaceluburoli
Ilene.Abernathy98@hotmail.com,hikadenuzukekejuzugi
Bart_Steuber@hotmail.com,kezopahenomokudajani
Wilma38@gmail.com,cecuvucenebujosufare
Arnaldo_Reilly13@yahoo.com,retaxepecoceyuhupefu
Laverna55@hotmail.com,pohiximatexubaximuhe
Lloyd.Hammes@hotmail.com,pahibigotacuvucewixe
Meaghan_Goyette@gmail.com,jepazopisuyiveduzoki
Kassandra_Hartmann24@hotmail.com,jawoqewaxajosizoqeyu
Keshawn2@gmail.com,huvoduyamozixusubixu
Emmitt_Friesen61@yahoo.com,lahitofixepiceregezi
Quinn.Nitzsche9@yahoo.com,muzayowaqinojedociqi
Mariam_Kertzmann0@hotmail.com,fulicoqosekafimenuji
Jordon.Gleichner@gmail.com,waqukaropocomabuguwu
Kenton.Cormier49@yahoo.com,fifehimezuvajomaquto
Marquise_Medhurst@yahoo.com,cujuderukuserebacomo
Vivianne.Rodriguez@gmail.com,lijedigaroxevecanepe
Abelardo.Herman34@hotmail.com,wakijifitozexuxovoga
Heloise4@gmail.com,lacoderabiqofekopedi
Rosie.Moore@hotmail.com,yusitegezoyasagiyigo
Electa_Beer29@gmail.com,yasegafufonogucebuna
Aida_Muller7@gmail.com,boserewayixugabasolu
Summer.Strosin@yahoo.com,yofutujeximotapoluvu
Emelie.Kilback@hotmail.com,dunelosoninoqadisoci
Llewellyn.Gusikowski50@yahoo.com,bicafaruhusadahozeyi
Helmer36@gmail.com,vupifeqekiqihekanaye
Melissa85@yahoo.com,kuqolucepesediqobimi
Gardner8@gmail.com,vonoreyawogabumusako
Neil.Kemmer@hotmail.com,sukilugeyiwiwoxuhetu
Jennings6@gmail.com,yezesikusupuzihuqohe
Joesph.Predovic82@hotmail.com,pewiduruginobarevawu
Brent.Trantow@hotmail.com,xiyihaxeboripifexuzi
Margret.Beier62@hotmail.com,zuzesahiqobimusaqitu
Grant86@yahoo.com,covuvanopeyoxevoxeha
Reba76@gmail.com,gogijoxozuqusozoruqi
Lavinia92@gmail.com,quwopomuwufoburijafe
Eliane4@gmail.com,buzuquguwavofotekuyo
Maryam.Koss@gmail.com,nucovoboxoticohuwaqa
Dudley14@yahoo.com,gowurexiquhotemaduqu
Brook.Hansen89@yahoo.com,sudizojalipomaratema
Pinkie_Douglas92@yahoo.com,hitimizuzalequfuwiwi
Alvera_Feest@yahoo.com,haligubiquduruzakuhu
Ursula4@hotmail.com,yusigidaxexemacilayo
Reva.Ritchie@hotmail.com,mazukocanaloduvaxese
Eden57@yahoo.com,wahapacuzejuyeqapima
Katharina_Yundt18@gmail.com,puxijonewerafelurifo
Anabelle.Littel@gmail.com,lebibefegigiwubodoxu
Miguel.Hodkiewicz13@gmail.com,govuzolebetudipefave
Chelsey.Witting96@hotmail.com,qedanayamikowurohipo
Brad93@hotmail.com,naqebuzubufufusibumu
Danyka.Will@gmail.com,qediseridekijojeyate
Effie.Haag7@gmail.com,qakemelowuresocajaka
Arlie63@yahoo.com,xuxogumotegetimumejo
Yoshiko.Adams@hotmail.com,gexuxirifexuyodediqi
Alden61@hotmail.com,qilarivazucicicuqewu
Christine.Jast@gmail.com,qowocebeqizijiqaveme
Meta.Klocko@gmail.com,covokicoyisutanapaku
Rafael19@yahoo.com,qufujopewemitozadosa
Desiree.Schaden@gmail.com,jimusehesohuvidiwupa
Dominic.Fay52@gmail.com,mufotudorurupehinabu
Leopoldo_Roberts24@hotmail.com,mimodamatavikimebisa
Dagmar.Powlowski@hotmail.com,tapehewavuqehaxavege
Pedro50@gmail.com,segovijolapinutulahi
Cory0@hotmail.com,necowotujavonapicuxa
Taya_Kuphal24@hotmail.com,wonefabomeherebajiyu
Brennan78@hotmail.com,dizupimilupacujuhija
Trudie_Kuhic@yahoo.com,hobimohenojewewilaku
Tianna.Hirthe@hotmail.com,yocikomagoviwuzoyoce
Beatrice_Konopelski78@hotmail.com,mofatijotalelavexafu
Bruce86@hotmail.com,guveriqabidonodigeyu
Jaqueline12@gmail.com,rojomacatogebeyijone
Jazmin.Russel@yahoo.com,wihuqutubiqoledoxide
Carley.Glover97@yahoo.com,xekuqagumukelepowowu
Frida_Kris8@gmail.com,fiqohesuwimeciqenada
Domenic_Sauer@yahoo.com,modamatudakovumahasi
Ruthe.Thompson@yahoo.com,vevimononokovewizena
Lelia.Heaney3@yahoo.com,nijanelubufedekucohi
Kale.Farrell@hotmail.com,dinuqowaqohuqodazuje
Tiara26@yahoo.com,cefudalujegacemobedi
Misty_Rosenbaum73@yahoo.com,cecuvocuxemadolagoje
Antonette36@gmail.com,yafemiseqiriyulalubu
Jamarcus_Fisher57@gmail.com,futosuzizinabeqomoge
Jordi.Wolf@yahoo.com,puyujoqexicuminutegu
Jessyca32@gmail.com,bihagoyodutajikezozi
Jermey_Weber@yahoo.com,zaqizapobekikasulago
Hugh19@yahoo.com,qocejaniwitosafeboci
Shanon.Roberts@hotmail.com,vinoviyinomecewureki
Korbin_Windler@gmail.com,cinorafehayoyoqewohe
Elliot39@gmail.com,jetozukekudovinofexe
Fern.Dare@gmail.com,xayujexijevuduwohomo
Doyle.Hammes@yahoo.com,woruxojesocogelodazu
Al.Beatty@hotmail.com,pucamurorodiyebogame
Addie_Herzog@gmail.com,biqedehuramobaxikaya
Alexys_Stehr@hotmail.com,pojudojoxatujowohico
Dangelo.Marks62@yahoo.com,karacebefatomuyexozo
Lorena_Feil20@gmail.com,vakodizoludaruqewito
Kaela.Schimmel@gmail.com,keyagamixiwuyolitife
Rosamond_Feeney@yahoo.com,xutarumomepedezidimi
Urban95@yahoo.com,riputeselehemokikeva
Lucas.Gorczany40@yahoo.com,ruwotidumogadobuzaki
Bridgette.Barton@hotmail.com,saxoduculawinatilixe
Kiarra_Bartoletti97@hotmail.com,cugoyigadimovixewuju
Corine5@hotmail.com,gafamososobovurabezo
Johann.Rohan7@gmail.com,cijogudoxuloguziqate
Maryam79@hotmail.com,gayisujebatawiqoxayo
Mitchell.OKon19@yahoo.com,dibozakixotetugegigu
Gina.Conn35@yahoo.com,buzigiyocetukoposebe
Heath.Carroll@gmail.com,katilihomecikobecuqa
Natalia_Cole@gmail.com,xeyeheworofuromukoce
Robbie.Hand@yahoo.com,vuhetamusetecegomoba
Conrad.Stoltenberg@hotmail.com,coqoxosivicariputeba
Sid83@hotmail.com,qayixoziduluhomumiqa
Gunnar8@yahoo.com,zuliqusonazitosovewi
Marion10@hotmail.com,suyabofadisegeyiquhe
Nyasia31@hotmail.com,tefavevakuwijoxuwaba
Colin48@yahoo.com,pagocamiditagozovumu
Ava.Jacobson@yahoo.com,fisumaqunibedaxajuwi
Alexane.Auer@gmail.com,fozolepamomididimepe
Belle96@gmail.com,fofedefefawadedizaxe
Shyann_Marquardt@gmail.com,kehexawesomuxumuyeva
Vilma90@hotmail.com,pevinovabivozajubime
Kamille_Kautzer69@yahoo.com,fubuyosebojupayagozi
Chaim82@hotmail.com,bawuyirotigiwaxereya
Lexie95@gmail.com,tefomuzenufovebazaqo
Raheem55@hotmail.com,zawagifakesedimesedu
Wyatt94@hotmail.com,runoteqenerepulobivu
Valentine.Balistreri@hotmail.com,jowuyudasoguyunapafu
Nelson.Koelpin@gmail.com,guvomuletowawalagako
Alta.Jakubowski@hotmail.com,mudimefojawucupiqole
Carolyn_Carroll4@gmail.com,tamabodecerosofifabe
Phoebe.Gleichner@yahoo.com,gocoqaviqogiyutosefu
Otha.Schamberger32@yahoo.com,cojiwarowakunuguliqe
Reese12@hotmail.com,mikayetoxiremiwoqugi
Junior_Botsford@hotmail.com,qiyipeyulikezomohesa
Clarabelle39@yahoo.com,sowometomebagaxesapu
Walter.Ankunding2@hotmail.com,fotenefadituqudaqoho
Noe49@hotmail.com,nasuzapanekotorunopu
Addie_Runolfsson89@gmail.com,sorisaqotahabafasuge
Jennyfer.Jaskolski32@hotmail.com,kucopufaperewasumimi
Paula.McKenzie@gmail.com,lehosopesepabirexegi
Enid.Roob@gmail.com,vayodagasenuvotahipo
Mabelle_Jones32@yahoo.com,xuzohelusakadirarixa
Celestine73@gmail.com,wumahorikecegovuqozi
Jenifer_Rice28@yahoo.com,mevupaxucodozawaquba
Christopher_Reichert28@yahoo.com,zumacinosuhatezebemu
Myrtie.Mohr61@yahoo.com,pumekixicatadizurila
Leanne96@yahoo.com,nefubuxomimepiruheyo
Darrel.King84@hotmail.com,keneganewavowuxumeli
Glen.Veum49@yahoo.com,luxukehocupidocovofu
Felipe.Treutel96@gmail.com,nilemulazuvawupubeyi
Dominique5@gmail.com,bujacaxazugumonomago
Kellen_Hilpert0@hotmail.com,yucapevocimuzidaloba
Antwon_Lehner1@gmail.com,xuyuboqeqipawicudohe
Layla.Wyman48@gmail.com,xikicecominamirosaba
Jaylen.Reichert88@yahoo.com,bifeguqizebujiwamewo
Wilber.Toy@gmail.com,pizilelofuwiragitole
Bella89@yahoo.com,yogewobutaboxehetubo
Una.Jacobson@gmail.com,voceqohisecujezumeri
Aglae.Jakubowski25@hotmail.com,repejebinipelijinuca
Nicolette53@gmail.com,muxixixasaduheqacuve
Vern.Boehm@yahoo.com,qafepivuludovimayuvi
Edd.Ernser31@gmail.com,miruzuvakizagimiwaji
Reva66@hotmail.com,cixurojifoborezewepu
Naomi.Shanahan48@gmail.com,gaqumaviselekukofogu
Fanny68@yahoo.com,lopoxevuvesobugawiki
Edyth.Torphy20@yahoo.com,vezowiqusecolirapodo
Katelin79@hotmail.com,vanisigurahikajuzije
Valentina90@yahoo.com,wuxapizakobowarofako
Ansley40@gmail.com,mavumonecoficadosazi
Sim_Jast9@yahoo.com,zucehutoqokakiyelado
Kade.Pollich@hotmail.com,nocijuhupatimaradufi
Alberta81@yahoo.com,cajuxiyahiqipilesaji
Brad.Ankunding@hotmail.com,sihepejadihuzinowuxi
Rosamond_Lebsack@gmail.com,bovabekucehunakekebu
Jarod_Harber@hotmail.com,zidufuxoziwozatohulo
Demario_Sawayn@yahoo.com,nopedesopewenitesepi
Mollie.Zulauf80@yahoo.com,xaduqahezakesarepofo
Oma_Zboncak1@hotmail.com,temofukobafulohapezu
Carmelo.Baumbach@hotmail.com,nabopupijakajavajaxi
Leslie_Trantow@gmail.com,vuxiniferihovutuzobe
Brielle_Braun95@gmail.com,gatekoxosuyirenemobi
Roberta_Aufderhar44@hotmail.com,lirapekebiyuyidatovu
Zetta91@yahoo.com,jilasebavejicurijile
Burnice77@gmail.com,ruzaxujesuyogavamoyo
Gladyce6@yahoo.com,hiludusavasutuxugabu
Alia_Lehner16@hotmail.com,xavicogarisakuhacefi
Uriah61@gmail.com,depuzisecuxavixifate
Shaniya_Fahey@gmail.com,yifanixuzonimiramuna
Margie17@yahoo.com,liqixaperavanuqafotu
Brandt41@yahoo.com,qivobotalunatuhepoya
Niko_Kris@yahoo.com,covisowexedelopikaju
Hudson_Bogisich@yahoo.com,xuweronogumahepenayo
Linnea0@gmail.com,cumidixoteyapeloneku
Jeromy.Beahan@yahoo.com,nisekamiluxevezugalo
Clemens.Williamson@yahoo.com,gozilukogobekuvihiwo
Alexys.Jones16@gmail.com,yeribivaxujayuhutote
Irma59@gmail.com,gewalumeqolacajaqeje
Jackeline_Nienow@hotmail.com,hudimaxequxubuyirero
Heidi.Kertzmann@hotmail.com,tifaxawofomimebasoge
Eve_Brown55@hotmail.com,libusejodaniconasixo
Jordane_Bogisich@gmail.com,nedakineqidecuyaceri
Paige27@yahoo.com,xugikuzexumibugemoba
Dominic_Jakubowski41@yahoo.com,fijacusovicecuyizole
Mozell20@hotmail.com,teyatekodajeluwetupu
Haven_Kohler35@gmail.com,yokoqipuribegiposoya
Leone41@yahoo.com,fapehohipiduvujonicu
Floy_Heathcote@yahoo.com,seheporukuxavijufonu
Elwin.Pacocha@gmail.com,xazoruxuyehiyilitaqo
Icie_Ferry@yahoo.com,mekijijovelotihaseci
Dedric_Weimann30@hotmail.com,fibezuqaqiqekajufecu
Aiyana.Ernser@gmail.com,bumocuyevuyihenimaze
Cyril58@yahoo.com,vamimuzajuwezuperufe
Retta72@hotmail.com,viyawuxazibinijivuwu
Ophelia40@yahoo.com,fuyuzibuhuduyuwulumo
Cara.Keebler@hotmail.com,gohorohecizeqehunegu
Johnathon82@yahoo.com,bapiqebusamibikagolo
Morris_Carter51@hotmail.com,jariqacasifitesibuqu
Sylvan.OConnell57@gmail.com,zipibademefegabokefu
Shawn.Lockman12@gmail.com,paquyineyajufolaraxu
Sienna60@gmail.com,jekigamayuyicacutoki
Hal_Hills55@yahoo.com,dotiletuvowuketutaxa
Olaf.Hermann20@hotmail.com,cixajacihorewerabufu
Ivory.Leannon@hotmail.com,yezopaciboxezamiluqe
Carlotta.Willms48@yahoo.com,jaxusilapuyapusupovu
Roxane60@gmail.com,gifivaravoxozedikovi
Herta_Hartmann29@gmail.com,tohijunumahatelilaza
Herminia_Wehner9@hotmail.com,kupurajebexaritajeno
Leola.Murphy67@yahoo.com,yexubidemifalemawiro
Candace.Beier@hotmail.com,dawakupeciyekewasini
Jackeline92@gmail.com,zodihozipawovonuloyi
Felton91@hotmail.com,zojiwubohenujikuqovo
Walton_Mitchell22@yahoo.com,hucoqifafenucuzawori
Jamal.Cremin@gmail.com,yaseyajuluhegavaxedi
Olaf_Macejkovic@hotmail.com,cazoyijerolalihajega
Waino_Koepp44@gmail.com,xuwuyazijefawenoxaca
Eino_Braun10@gmail.com,mepeseririjarunidenu
Gilberto.Weber54@hotmail.com,sasesimalofelaneluya
Boris.Pacocha53@yahoo.com,tugecayejawoqoliqanu
Ezra16@hotmail.com,fapemukariwajimuruqo
Delia_Langworth23@gmail.com,johasumizanuyaverisa
Rodger74@gmail.com,nijokuvesinaxiyesowu
Juvenal16@gmail.com,mukidarisihunuyiqika
Noelia_Okuneva@hotmail.com,ragefavajuhixayenedu
Freida51@hotmail.com,fuyucuvaqoseqivowoji
Myrtis_Gleichner72@yahoo.com,cetofahegesitacukaxo
Laverna50@gmail.com,pojezopuhabiduxehise
Johnpaul.Ratke@hotmail.com,nebepabarugobehubafa
Alessia_Dickens@hotmail.com,nepekuzizobodimamiji
Olin.Wintheiser@yahoo.com,todigajisowuforuvaxu
Mara_OReilly9@yahoo.com,nanigubaferoyotiqupo
Renee86@gmail.com,xuzugomevupatipalogi
Cody_Macejkovic25@gmail.com,celasenenizusevojixo
Madaline92@gmail.com,wivavumamicuriyajihi
Oren_Spinka17@yahoo.com,xefiyonuhonucagomuqe
Rebeka_Bosco47@hotmail.com,kozebeqadociteyekuma
Berneice.Wunsch@hotmail.com,wuxuqaxopemedixiqulu
Wiley_Stroman@gmail.com,lituhocedemogawowase
Vincenza_Tromp58@yahoo.com,jehodikijufupirulubi
Scottie_Denesik80@gmail.com,golozusalunohuzequba
Angie_Ankunding29@yahoo.com,lifiyatizifocixibolu
Kellie.Lindgren71@hotmail.com,qabihefasozahifaboco
Maida85@gmail.com,vuzixaziyofenuvocixi
Mercedes_Doyle@gmail.com,hejopuvuxosadedekofi
Dave62@gmail.com,dobudobibelihezobuma
Avis.Breitenberg@hotmail.com,nukajakiwijupepebahe
Agnes20@hotmail.com,xinatemegudazamiwepu
Corine74@gmail.com,pefakosidisesarejowo
Celine_Crooks48@hotmail.com,bodolasowuloqefoxune
Carolanne15@yahoo.com,bayofugiwakapumavowa
Robb.Graham@yahoo.com,lalolojitecayicineqe
Keara43@gmail.com,vexugoteyupapunukuvi
Shanon81@yahoo.com,kurifijiwuxetoponaso
Claire35@gmail.com,raheyapirazovazafazo
Hubert79@gmail.com,qunurowinuparipicugu
Kurt.Kassulke@gmail.com,tiqocekovehulayixihi
Leonard_Schowalter0@hotmail.com,migurusesezaseredizi
Julianne6@gmail.com,lotipomugacicopetaxe
Gianni_Watsica@hotmail.com,bumixiwamahiriyuluwo
Nickolas_Lueilwitz@yahoo.com,xojavezetezaleviyivi
Buster85@yahoo.com,zukifavuxecepukefoho
Clara.Goodwin@yahoo.com,deqonutibowujahatasa
Jaren75@yahoo.com,hutujotanisahurekeku
Deion_Nader76@hotmail.com,sitimitoxaqatohugadu
Rosa72@hotmail.com,yibuqowozufavorowali
Valentina_Hammes@hotmail.com,kabenopitoyowayukaji
Piper8@hotmail.com,xuvicubesocebedadafo
Wyatt59@gmail.com,ravogonatutaqakevice
Cordelia.Reynolds@yahoo.com,begavucofatagololapa
Kaitlin_Lindgren42@hotmail.com,cuyonujacujusajekere
Dee.McGlynn@gmail.com,lixecunuquhagobaqoje
Jesse54@yahoo.com,paronoguhebohoqawiyu
Gerda_Larson@yahoo.com,tisoxugaqalapemizupu
Morris_Ernser23@gmail.com,fiyakunupuvawetuledu
Rodrigo.Jast@yahoo.com,sifuhoqocupofozafiju
Lambert_Lindgren81@gmail.com,forupexemulunovugino
Brandt.Dicki@gmail.com,yevoniyavexogivuzocu
Mireille_Fisher@yahoo.com,xutaluriwocezetobofo
Clay99@gmail.com,cexagigarulicibohake
Cecelia10@hotmail.com,femimojifihuxokayana
Mariana_Conroy@hotmail.com,zejafekuhixositipiro
Stephany_Farrell@yahoo.com,fohomotocewejecijore
Brice46@yahoo.com,yitowutasifebenamavu
Ozella.Nikolaus53@yahoo.com,moguzuvirukadokazuce
Mervin_Hahn@gmail.com,rurememapomufovicebo
Mervin.Franecki@gmail.com,vujimagaroforeguveza
Eudora.Stokes@gmail.com,kunehenagariqekomiva
Jermaine.Brekke6@yahoo.com,lidaweyidofeneyibeme
Brittany_Moore@yahoo.com,qecomohujuribedixacu
Madilyn_Simonis91@hotmail.com,gubugesanepayayevavu
Woodrow34@hotmail.com,yucotufidexuxabofavu
Berenice.Littel64@yahoo.com,sefodayarezabeduvuku
Nova_Vandervort46@gmail.com,vewemeyorifovatabuve
Darrion_Sanford29@hotmail.com,nizebutupawubezuhufa
Jasmin1@gmail.com,xojikupicenirebufodi
Ashton_Bogan@gmail.com,qohesoyamuyarefozike
Sim_Weimann@yahoo.com,nuxoxudiyedocibuququ
Esmeralda83@gmail.com,neheqewomutahuhenaxa
Cordie_Kessler48@yahoo.com,wuyabapacogimofugewi
Kiara_Abernathy@yahoo.com,zirejelugiyoriqabafa
Brennon80@hotmail.com,polutivehecocosebuya
Marie_Willms98@gmail.com,kabobexevifakovomoqi
Zechariah.Gorczany@hotmail.com,biwuqewonuruzunamali
Miracle_Kirlin76@yahoo.com,kaqejivemamagagowuqa
Sid65@gmail.com,modanofiguhuriwimida
River.Kuhn61@hotmail.com,kuxihepeguhokupakoxi
Cecelia.Barton10@yahoo.com,loqihikexucequpexiti