"userId","email","password","accountType","deletedType"
1,Elvie.Bins71@hotmail.com,hutisupizawusocudopi,bronze,0
2,Dayna_Nolan@hotmail.com,xoguzafobasifepigoyo,bronze,0
3,Diamond.Dach89@yahoo.com,hugizaxufahalujojeyo,bronze,0
4,Carmela5@gmail.com,nimamequxojunevupiwo,bronze,0
5,Oran.Hartmann91@hotmail.com,gicoreyakicicajijufe,bronze,0
6,Janis.Hane58@yahoo.com,pixibuyipumuxowubune,bronze,0
7,Agustina.Casper63@gmail.com,tunuloyasejesixawofa,bronze,0
8,Sven.Osinski@hotmail.com,gusajusemuxorelovezi,bronze,0
9,Brionna_Johnson79@yahoo.com,dutokotowoceliqapiza,bronze,0
10,Enola_Block@hotmail.com,coxihuqawusisavimoxe,bronze,0
11,Luciano.Heidenreich@hotmail.com,huvomesufocoluvilova,bronze,0
12,Oral_Sanford@yahoo.com,kirokeriyacudusagiji,bronze,0
13,Santina.Moore34@yahoo.com,dirineviyubuzayerolu,bronze,0
14,Shemar.King23@yahoo.com,lahakocoritemakerosu,bronze,0
15,Freddy92@gmail.com,sakumiwopaxepiwubobi,bronze,0
16,Genevieve19@hotmail.com,futaqahizazufucarevi,bronze,0
17,Tomasa.McLaughlin@gmail.com,badipubixowasivayofa,bronze,0
18,Jarrell11@hotmail.com,kefigibegoxukaxohata,bronze,0
19,Junior.Wisozk@hotmail.com,kitetireriguyusesoha,bronze,0
20,Rebeka_Orn@hotmail.com,dubatenajazomamihalu,bronze,0
21,Rod.Cartwright53@hotmail.com,totiyisicanajixorugi,bronze,0
22,Cali_Rath52@gmail.com,goxizovejujapuhifula,bronze,0
23,Jordi_Wilkinson54@hotmail.com,lobepekowemedimojuho,bronze,0
24,Duncan.Runte89@hotmail.com,cedetonalacopuvivuho,bronze,0
25,Caesar77@yahoo.com,sedivoxucubiyujirigi,bronze,0
26,Jayme65@gmail.com,qeqilijojebubicedeke,bronze,0
27,Loyal.Fay77@gmail.com,yatefijimofopozaceha,bronze,0
28,Rey50@hotmail.com,hamoxumiroduxuxenuwo,bronze,0
29,Yesenia_Schimmel46@hotmail.com,boconawirayomejefiza,bronze,0
30,Zora92@gmail.com,yexofajogowobusequle,bronze,0
31,Matilda.Bernhard@hotmail.com,qebifuqopunilacunoqi,bronze,0
32,Sydnee.Lemke@hotmail.com,talehocehuwetehorafo,bronze,0
33,Erna.Klocko@hotmail.com,zafazicimojayisenaso,bronze,0
34,Alexandra65@gmail.com,fepuyajucefiyusiraxu,bronze,0
35,Katharina.Kirlin@gmail.com,panowolovojadurazalo,bronze,0
36,Bethel.Runolfsdottir28@yahoo.com,zevosodeqaqufugiquzo,bronze,0
37,Queenie_OReilly66@gmail.com,peziqoyevuxotewuxuso,bronze,0
38,Stanley_Crist77@hotmail.com,jovigebutozikebomogi,bronze,0
39,Myrtle1@hotmail.com,biruyiwaxiviyirisixo,bronze,0
40,Norene89@hotmail.com,gexufexupuyehonaridu,bronze,0
41,Brigitte_Kemmer57@hotmail.com,bagipucazirudalepewe,bronze,0
42,Gunnar32@gmail.com,fopelinekamosoriwode,bronze,0
43,Ana_Lind19@gmail.com,yayogubalinudejunusa,bronze,0
44,Nola73@yahoo.com,kabejiricorovenipodi,bronze,0
45,Christa8@yahoo.com,wokaqunuhoqavugiteqa,bronze,0
46,Garett76@gmail.com,zajehufikitoyibapude,bronze,0
47,Dorothy36@hotmail.com,bopuvisuluficaqebiha,bronze,0
48,Garth.Mertz@gmail.com,soqijakavilisabehome,bronze,0
49,Sibyl.Connelly16@gmail.com,wowawagolofitakanase,bronze,0
50,Fiona.Rosenbaum@gmail.com,nehiwutubixivuyoxuxi,bronze,0
51,Kyle37@yahoo.com,coxajiquboqogaxaduha,bronze,0
52,Lila_Barton35@yahoo.com,ninugotupojiciyoluza,bronze,0
53,Ari.Ratke@gmail.com,qemawocugefonuxogoda,bronze,0
54,Trent_Jenkins@gmail.com,mofuputojafodoxewebi,bronze,0
55,Zelma87@gmail.com,zinatarivagijabevema,bronze,0
56,Octavia.Nitzsche@gmail.com,qugehoyejezudaqetoxo,bronze,0
57,Rachel6@gmail.com,yifubacacuposucutabe,bronze,0
58,Aidan.Stoltenberg2@hotmail.com,sosipocuxabowujoxona,bronze,0
59,Simone.Nitzsche37@gmail.com,rebotilonogurayonefa,bronze,0
60,Emmanuelle69@hotmail.com,nuqofaguxicilepacuro,bronze,0
61,Samantha18@hotmail.com,tobujojitaqunikipeqi,bronze,0
62,Darion.Wolff@gmail.com,toguharuluwizekahova,bronze,0
63,Clarissa.Daugherty@yahoo.com,yanenatuziqocemojaka,bronze,0
64,Joe60@hotmail.com,jaroyexuwovaqoyoziwe,bronze,0
65,Nellie66@gmail.com,gexuzohicixepiwagabi,bronze,0
66,Clemmie.Simonis@hotmail.com,yiwahosilumakowocave,bronze,0
67,Gavin.Upton@gmail.com,kijezuqopeqoxawalise,bronze,0
68,Marisol_Luettgen90@hotmail.com,zenixutifukicipiyuxa,bronze,0
69,Timmothy64@yahoo.com,wifesahidawatinohecu,bronze,0
70,Walker98@yahoo.com,dorowodorodawufaseri,bronze,0
71,Mara_Hand@hotmail.com,juquyenekeyibuqicazu,bronze,0
72,Theron38@yahoo.com,seqiruqorubimuyumuxe,bronze,0
73,Gregoria.Jenkins19@hotmail.com,nevadoradadolazevaco,bronze,0
74,Koby.Wuckert94@gmail.com,laxafelivekodoqecapi,bronze,0
75,Lauretta_Turcotte11@yahoo.com,bocohafocewuyezoxudo,bronze,0
76,May_Pfeffer@hotmail.com,ciqepoyofejuzuxosoga,bronze,0
77,Ivory6@gmail.com,qovacanamunedomisoyi,bronze,0
78,Sandy.Carroll25@gmail.com,qopicadusamurofozeci,bronze,0
79,Talon_Mueller@hotmail.com,qaletenolaledosujobo,bronze,0
80,Garett51@hotmail.com,yuhaloqeribogosiwaki,bronze,0
81,Telly93@gmail.com,xatiqivoxujigiroduvi,bronze,0
82,Delta92@gmail.com,zehanogapubudirekawo,bronze,0
83,Suzanne.Denesik12@hotmail.com,posecicihucidamoxeki,bronze,0
84,Walker.Trantow34@gmail.com,wodijexepawigufabuso,bronze,0
85,Tevin.Tremblay@gmail.com,sijegeyequjixalucaqu,bronze,0
86,Bernice_Keebler@gmail.com,zedafobolelisipozigo,bronze,0
87,Maria.Zboncak34@gmail.com,tumigajuwuvidesediyi,bronze,0
88,Tyrique.Hilpert@hotmail.com,bacetexaguzubahewije,bronze,0
89,Modesta_Durgan@hotmail.com,kezehumavijisayokuke,bronze,0
90,Santino_Hirthe16@gmail.com,jorupeteqakosikemari,bronze,0
91,Mckenzie_Gleason32@hotmail.com,ximohaqeqezonemunava,bronze,0
92,Richard99@hotmail.com,lofagazarenojumeliza,bronze,0
93,Judge_Lebsack@yahoo.com,wocokekuriqulafuhuqa,bronze,0
94,Sylvia.Boyle36@yahoo.com,vuxucemupokizanutuba,bronze,0
95,Katrine_Wyman@gmail.com,gasoqanaqitihivufeve,bronze,0
96,Vallie.Pollich@gmail.com,jupuhapovebixafatiga,bronze,0
97,Cecil85@yahoo.com,tejocotaralitoxaqeba,bronze,0
98,Bill.Walter73@hotmail.com,godomenefetegazowada,bronze,0
99,Harmon_Zieme@hotmail.com,ligixubetayabaranire,bronze,0
100,Constantin34@hotmail.com,cedikunuyazenabusuvu,bronze,0
101,Zander.Quigley66@yahoo.com,juxepixohubecepivoce,bronze,0
102,Niko28@hotmail.com,nazuwegahijinujoxocu,bronze,0
103,Helmer_Kutch@gmail.com,tudekininilukinelasa,bronze,0
104,Ena5@yahoo.com,bomekeyotafomozulure,bronze,0
105,Marjory_Hudson@gmail.com,higodajepesadusilifo,bronze,0
106,Loyce86@gmail.com,rogomuvabawedicoxisi,bronze,0
107,Baylee_Beier@yahoo.com,naqitolabenitubabaqa,bronze,0
108,Elian.Macejkovic96@yahoo.com,firebubusacutiyadoro,bronze,0
109,Carmela.Corkery30@yahoo.com,feyeqeguxoruniciqepa,bronze,0
110,Stefanie.Stehr@gmail.com,tojobeqaqusazoyuqona,bronze,0
111,Alvena_Bogisich@hotmail.com,cuxejifubayafujexici,bronze,0
112,Alexys63@yahoo.com,takowusapemaqiriyela,bronze,0
113,Lucious.Kerluke4@gmail.com,vaxidufavavijacujiwe,bronze,0
114,Melody39@yahoo.com,bapebenoyiyucenifomu,bronze,0
115,Winona.Schneider99@yahoo.com,wuhileyasemagawiyuda,bronze,0
116,Braden.Schuster@yahoo.com,zucujepoculeyomagexi,bronze,0
117,Eveline65@gmail.com,nociwutojecedejowizo,bronze,0
118,Hugh_Schulist@gmail.com,cosebucobulavonamoro,bronze,0
119,Alia_Deckow82@gmail.com,juhelimijebosujejote,bronze,0
120,Davin0@gmail.com,wigeketaninehiwosipi,bronze,0
121,Rudy_Bernhard29@gmail.com,pubovijabitigenevehe,bronze,0
122,Jasper.Bahringer@hotmail.com,dumacinuwabekiditoqe,bronze,0
123,Hester.Wunsch@yahoo.com,nutepekiwufifucobuko,bronze,0
124,Anabel.Von@hotmail.com,bilavibaduforowuxako,bronze,0
125,Madonna.Cormier40@hotmail.com,voyuneraduvuzuxotazi,bronze,0
126,Demond.Murray23@gmail.com,kefoleruhejigeqeyuqo,bronze,0
127,Catharine_Walter@hotmail.com,terukoherademulefodo,bronze,0
128,Roy.Altenwerth37@hotmail.com,tifitorulegocuyapidi,bronze,0
129,Katelyn11@yahoo.com,muxoxeyucemovodaquti,bronze,0
130,Emmy_Rau76@hotmail.com,mijipenexuhefiqifaco,bronze,0
131,Chance_Metz51@hotmail.com,zagimofagiloposateto,bronze,0
132,Oran_Hudson@yahoo.com,divilidiwuvagoviwaqo,bronze,0
133,Oda95@yahoo.com,taciyadoselusubebeta,bronze,0
134,Alda7@hotmail.com,yususuyolonemetemizo,bronze,0
135,Clair_Wiegand@yahoo.com,rufasexizexawuninagi,bronze,0
136,Amelia_Weissnat71@yahoo.com,fupadobucoqupujuhewi,bronze,0
137,Lula_Bergstrom@hotmail.com,vomefupehotihulewoqe,bronze,0
138,Trent.Hirthe@hotmail.com,nifapijiduyopuqaduva,bronze,0
139,Dedric.Anderson84@yahoo.com,koroxuwegehaqowidopi,bronze,0
140,Charles65@gmail.com,vexoqiyogogemaxigaka,bronze,0
141,Amy.Jacobs@yahoo.com,vusafuvedarezuvimune,bronze,0
142,Lottie_Klocko75@gmail.com,yijowubizejadivinoge,bronze,0
143,Graciela_Thompson@gmail.com,zehunayalitatuyarezo,bronze,0
144,Forest81@yahoo.com,zemutukuduholatusocu,bronze,0
145,Osbaldo84@gmail.com,koqatazalecomuwumake,bronze,0
146,Denis_Davis17@gmail.com,juvilopizotonogelelu,bronze,0
147,Susanna.Corkery@yahoo.com,nexugacefumuvagenusu,bronze,0
148,Amir11@gmail.com,kurusufugefinudezave,bronze,0
149,Nigel18@hotmail.com,lagajacidibevixumumo,bronze,0
150,Muriel.Kilback@yahoo.com,fawefaqikatefepovuzi,bronze,0
151,Kari_Hermiston@gmail.com,yiroququtosecorokage,bronze,0
152,Kaitlin_Pacocha@yahoo.com,peqoyabiwaduxaxonuse,bronze,0
153,Queen.Kessler32@hotmail.com,qenuyugazakicemaseci,bronze,0
154,Luigi_Lehner9@gmail.com,yetejezewonucatemiru,bronze,0
155,Chanel.Schneider18@hotmail.com,deweqonoxikacibudevo,bronze,0
156,Alan71@yahoo.com,yekahugumimayuyoxaga,bronze,0
157,Lynn.Jacobson33@yahoo.com,leqemunowujimoyotiji,bronze,0
158,Keegan.Runte93@hotmail.com,tidihixopirikoqutoje,bronze,0
159,Haskell70@gmail.com,fofudapozugitisiqogi,bronze,0
160,Jeff.Skiles@hotmail.com,polavifamegaqodubona,bronze,0
161,Augustus.Gislason80@gmail.com,fisokenuxofozoyulejo,bronze,0
162,Delores_Schaefer35@hotmail.com,qeyixuvosaneyivebabi,bronze,0
163,Elton.Batz20@hotmail.com,dotujimumemimukigodi,bronze,0
164,Russ82@hotmail.com,pahetamagiraruveguga,bronze,0
165,Godfrey.Bechtelar82@yahoo.com,kurozetozebumamereru,bronze,0
166,Josephine.Frami63@yahoo.com,vitesefocasuqetucupa,bronze,0
167,Roy.Mertz@hotmail.com,rerozuqoyefohowenive,bronze,0
168,Jazmyn2@yahoo.com,caqemuwekudukuqavako,bronze,0
169,Brandyn5@yahoo.com,pehadasaliniwakaxehi,bronze,0
170,Marlen_Hilpert@hotmail.com,hucuhuyadadeqeboguza,bronze,0
171,Alec.Gulgowski84@yahoo.com,puzogugitoyufimafuno,bronze,0
172,Lucile32@gmail.com,rahemekagupudawixefu,bronze,0
173,Hector_Hackett@gmail.com,pefonigogiditigohuju,bronze,0
174,Adrain.Boyer75@gmail.com,dugicaraneducavaqimi,bronze,0
175,Jamie_Collier@hotmail.com,hovuhatomibinemokiga,bronze,0
176,Koby30@hotmail.com,bubomawepiruwaximofu,bronze,0
177,Robyn.Lindgren@hotmail.com,weticokucekoroyifeki,bronze,0
178,Melvina_Berge@yahoo.com,racibitatanakorerexe,bronze,0
179,Jonas.Hansen@hotmail.com,fuhepupasevazehoraje,bronze,0
180,Lenora22@gmail.com,pezixomujavozacugehe,bronze,0
181,Daisy_Kling15@gmail.com,begufapanecosuhojule,bronze,0
182,Libbie17@gmail.com,puxatucejakejoziraqu,bronze,0
183,Lelia.Cartwright@hotmail.com,haxulemeciyifokanema,bronze,0
184,Kylie_Yundt@gmail.com,munimufapewiqiyiheji,bronze,0
185,Halie35@gmail.com,pogezaguketeyagukici,bronze,0
186,Laila_Conroy64@yahoo.com,bokulixapayugetaviko,bronze,0
187,Kailey.Hermann23@yahoo.com,cuxacomoqubacehosifi,bronze,0
188,Zula20@gmail.com,miwafiqoyerenebijodu,bronze,0
189,Joanie.Douglas@gmail.com,jafikukezilesumexavo,bronze,0
190,Barton_Kuhic72@yahoo.com,jahexobimiduvujutehu,bronze,0
191,Shyann53@gmail.com,yaqevebeyoloxusuqehu,bronze,0
192,Kimberly.Fritsch@yahoo.com,kubafohabuleyajepica,bronze,0
193,Camilla_Mayert@hotmail.com,werategavijufalikowa,bronze,0
194,Dashawn55@hotmail.com,biqorowuxasiqijayihu,bronze,0
195,Talia.Herman@hotmail.com,fucewigalokasotuhuvu,bronze,0
196,Damien12@gmail.com,fazuviserugutogiliho,bronze,0
197,Itzel.Jacobs@gmail.com,dumepagiretogapivewa,bronze,0
198,Casey_Howe@hotmail.com,huluyopamabayekehaqa,bronze,0
199,Alysson55@yahoo.com,wugomeyupepavejoguwo,bronze,0
200,Frederique15@hotmail.com,hihalapulecevoteniya,bronze,0
201,Isaiah71@gmail.com,fupipewoxizajahiwunu,bronze,0
202,August.Heathcote@yahoo.com,wumexozolizopokapeko,bronze,0
203,Darrell.Padberg87@gmail.com,gukafiwakamafuhonika,bronze,0
204,William_Hermann49@yahoo.com,jihiyanufoyixenuneco,bronze,0
205,Camren92@hotmail.com,sequbeqifenovokawewi,bronze,0
206,Clint43@gmail.com,yoteguxelusatetasewa,bronze,0
207,Tyrese.Roob42@hotmail.com,pubexebofadowibosegu,bronze,0
208,Joannie.Morissette64@yahoo.com,kasakayokotagoneyeto,bronze,0
209,Lawrence.Friesen74@gmail.com,tejenuloyikizajamihu,bronze,0
210,Alysson94@hotmail.com,falilunogurubuluwodi,bronze,0
211,Autumn.Padberg84@hotmail.com,ruqicarehuxokolilasi,bronze,0
212,Eliezer11@yahoo.com,gitaqosohajexolawaha,bronze,0
213,Fae_Gleichner23@gmail.com,nirimagexajukudexiho,bronze,0
214,Raheem72@yahoo.com,jekewulovodecogoqazo,bronze,0
215,Thea48@yahoo.com,hexoxihuqoqobimugebu,bronze,0
216,Trevor_Strosin@yahoo.com,jezofenunatenozafuhu,bronze,0
217,Rubye51@hotmail.com,fasivagapefigaqomomo,bronze,0
218,Irwin_Waters33@gmail.com,zumopenimoduqacevala,bronze,0
219,Haven.Muller81@gmail.com,vamimeruxokasakihogi,bronze,0
220,Garry_Pollich@gmail.com,yupimoxinazujuvahoyu,bronze,0
221,Waino.Jast@yahoo.com,qacugihuvolovowuniyu,bronze,0
222,Ella_Yost92@hotmail.com,xadewuvepowasoyanuli,bronze,0
223,Buddy35@gmail.com,luxewiduzihoduworucu,bronze,0
224,Audrey.Ferry70@gmail.com,sucavoqucicukacuvato,bronze,0
225,Claud_Goldner@gmail.com,kizoganelonocisagodo,bronze,0
226,Serena.VonRueden20@hotmail.com,vofepavazobijekenoju,bronze,0
227,Zaria93@gmail.com,jegoyapotubosohafici,bronze,0
228,Dan67@yahoo.com,jopilicaziherenimopo,bronze,0
229,Judah96@hotmail.com,yobexeruyuxuwenalipu,bronze,0
230,Litzy71@gmail.com,jiwozoredikugahikuku,bronze,0
231,Elijah_Emard@hotmail.com,fiyonudabemipeqivugi,bronze,0
232,Daisy.Swaniawski@hotmail.com,fozuyafuhilalosipema,bronze,0
233,Bill.Langosh@gmail.com,bawucurivoguguladoci,bronze,0
234,Karlee.Kozey79@hotmail.com,sagufevusigezopevayi,bronze,0
235,Ashley69@yahoo.com,yavowedulokajagubalu,bronze,0
236,Rowland10@yahoo.com,daduhelukabodumenexe,bronze,0
237,Clement_Gulgowski88@yahoo.com,bogoneretifemiboreku,bronze,0
238,Jude.Lehner@yahoo.com,riferokuzanalenucuze,bronze,0
239,Bernhard.MacGyver@yahoo.com,raherifejeqipayohacu,bronze,0
240,Giovani0@yahoo.com,coyugobikizobihucixa,bronze,0
241,Kavon_Kovacek78@hotmail.com,bokacazanozeceqaseca,bronze,0
242,Gino.Thiel61@yahoo.com,zatemunudowekihajipe,bronze,0
243,Eldon71@yahoo.com,kiquvisozorutigonoce,bronze,0
244,Waylon_Klein@hotmail.com,lilipizafoqowajuyizi,bronze,0
245,Alivia.Berge@hotmail.com,qetesirubipozojorudi,bronze,0
246,Zion.Morissette13@yahoo.com,qukiyogomonozolokofo,bronze,0
247,Lucious25@yahoo.com,zidehamikakepiwaceku,bronze,0
248,Rasheed_Halvorson96@hotmail.com,xinilavojekulicihapo,bronze,0
249,Avis.Kunze81@yahoo.com,mupatuwuyapovotoduwu,bronze,0
250,Savanna.Dooley95@hotmail.com,cibebiwibusixesalego,bronze,0
251,Alexandra_Lynch@yahoo.com,xaxagevatuhajazijesu,bronze,0
252,Chaim_Kshlerin@gmail.com,taviwimezojaverejabu,bronze,0
253,Maya.Shanahan98@hotmail.com,bukejuqejexicipizera,bronze,0
254,Molly_Beatty@gmail.com,pulujagusuzujusepehu,bronze,0
255,Augusta58@yahoo.com,vunoturoriyisuloxibo,bronze,0
256,Jayde58@yahoo.com,zizocuxokazayufeqela,bronze,0
257,Wendell_Ledner@gmail.com,zeduxulujajatihuvoke,bronze,0
258,Frida_Sporer@yahoo.com,weramebedidocinomixu,bronze,0
259,Malvina53@hotmail.com,saqebukiliganawavuko,bronze,0
260,Imogene51@gmail.com,verefaredetamidavabo,bronze,0
261,Opal68@gmail.com,dofidefejufibiwaluxi,bronze,0
262,Alejandra_Barton14@hotmail.com,gohituvagenezahinuya,bronze,0
263,Ceasar.Rempel88@gmail.com,guzoqaqocevepuzoyofi,bronze,0
264,Pinkie_Pfannerstill@yahoo.com,yaluciqaqihiligezozi,bronze,0
265,Birdie44@hotmail.com,dihexamupamobamuxofi,bronze,0
266,Ron96@hotmail.com,wimusaseyafulupokati,bronze,0
267,Raul_Ritchie59@gmail.com,pekizanibibawawinije,bronze,0
268,Cristal66@hotmail.com,docututewixoduveyopi,bronze,0
269,Mustafa81@hotmail.com,zokubahemopezihamuqo,bronze,0
270,Stacey.Braun77@yahoo.com,zeyefarocuxakuyewime,bronze,0
271,Katherine_Zboncak30@yahoo.com,zetasafohonajowipina,bronze,0
272,Marietta.Treutel70@hotmail.com,yifaqepebiyozoqafavu,bronze,0
273,Antoinette.Flatley76@yahoo.com,tetitajupejofarusihi,bronze,0
274,Muriel_Kub25@gmail.com,bimusazuwamulivejeca,bronze,0
275,Jesus.Dibbert90@yahoo.com,dowabatahucoginoqiqo,bronze,0
276,Hayden.Lakin@yahoo.com,tiyetobucatugaruluto,bronze,0
277,Luciano.Streich8@gmail.com,sakurudirotufohovavu,bronze,0
278,Orville.Grady@yahoo.com,guvitomucavaxafomehu,bronze,0
279,Tressie_Kunze24@hotmail.com,bofusageyayonunahexu,bronze,0
280,Shannon87@hotmail.com,baxozezukebiqiguziyi,bronze,0
281,Morris74@gmail.com,cahocokabutapanodoxi,bronze,0
282,Quentin_Douglas@hotmail.com,xaruwaqidojugakamato,bronze,0
283,Chyna_Hayes87@hotmail.com,cususirepudeqofoqibu,bronze,0
284,Ericka.Ziemann4@hotmail.com,jeweruguzurularazaku,bronze,0
285,Kelly_Feest@gmail.com,kevelolobojaninojajo,bronze,0
286,Tremaine_Kunze@gmail.com,xahunobubusatolavuxa,bronze,0
287,Laurie_Rodriguez@hotmail.com,pamamofanodamelixilo,bronze,0
288,Vivienne_Strosin@gmail.com,ketoxasahutiqabayasi,bronze,0
289,Dane24@hotmail.com,kefasovojicibamoxame,bronze,0
290,Ernie.Lakin@gmail.com,tiyobaqigolilufeboyo,bronze,0
291,Pierre_Goyette73@hotmail.com,niqedopejivevuyijoka,bronze,0
292,Green.Bauch54@hotmail.com,givebidexotugovubage,bronze,0
293,Ned24@yahoo.com,royorarolijuwafetace,bronze,0
294,Alexandrine85@yahoo.com,jofudalamijutanovaci,bronze,0
295,Karl71@hotmail.com,matolenasawazevobolo,bronze,0
296,Neva27@hotmail.com,gejicuqelukexesunipu,bronze,0
297,Molly_Luettgen@yahoo.com,xiqizimowugucokimumi,bronze,0
298,Orlando12@hotmail.com,cavanajoxisipaqekoqe,bronze,0
299,Mateo16@yahoo.com,linuqobiwenunipipuco,bronze,0
300,Urban_Von@yahoo.com,bohomatafuxigovubiso,bronze,0
301,Geovanni71@yahoo.com,ravuhiyagowijunujoru,bronze,0
302,Adella_Ebert@hotmail.com,gobokarukubuhevovuma,bronze,0
303,Citlalli0@gmail.com,tuqiguviqutiledokutu,bronze,0
304,Leora.Farrell3@gmail.com,buzoyuyehelazirisino,bronze,0
305,Sylvester.Davis21@gmail.com,qimesuhegezejugalabu,bronze,0
306,Cyril_Wunsch2@hotmail.com,rezojaxenemevigedika,bronze,0
307,Jessie_Bradtke34@yahoo.com,talazakujaxujetovubo,bronze,0
308,Camila_Howell@yahoo.com,soyabopuwetusuhiqefa,bronze,0
309,Ericka_Hayes@hotmail.com,fixugamenivuwivucopo,bronze,0
310,Bernie_Jakubowski@hotmail.com,ruvuxefixoyaxotisuvu,bronze,0
311,Herminio_Corwin@yahoo.com,woqedeluwuwoxopodilu,bronze,0
312,Angelita_Lynch@yahoo.com,jubaxaresirozonaweje,bronze,0
313,Roxane.Brakus@gmail.com,mexebomakihacoqerohe,bronze,0
314,Keeley.Grimes@yahoo.com,xureyicapepoyikamego,bronze,0
315,Mireya85@yahoo.com,fanapuyoxaraculamocu,bronze,0
316,Axel14@yahoo.com,herayucehoduzigalune,bronze,0
317,Bettye.Bruen@yahoo.com,vanagolalogaxekapaca,bronze,0
318,Brandy59@gmail.com,manehudixafinoyoxuju,bronze,0
319,Lennie_Klein10@gmail.com,wutevisutekekosotoqo,bronze,0
320,Lenora24@hotmail.com,lurafezuvajusenoxejo,bronze,0
321,Molly63@hotmail.com,koparedacagabacuhawe,bronze,0
322,Elwyn67@yahoo.com,fadinawoyoxubapohopu,bronze,0
323,Jared.Block65@yahoo.com,qecavexebuzuweyekare,bronze,0
324,Adrianna.Carter@hotmail.com,lagehakuwefihumoluvi,bronze,0
325,Cara_West@yahoo.com,cayedafikipekizukoju,bronze,0
326,Daren.Weimann@hotmail.com,ciwoseyimeqosizofozo,bronze,0
327,Herminio.Abshire@yahoo.com,laqijeyaciqirubusili,bronze,0
328,Ryley62@yahoo.com,gagumoropuliyumebude,bronze,0
329,Fernando.Sauer@gmail.com,weqepozevidexiqecoma,bronze,0
330,Tyrel.Weissnat@gmail.com,giwepekopahehezupulo,bronze,0
331,Chauncey.Grimes54@hotmail.com,metinuzokohojaponexi,bronze,0
332,Elva.Keeling@hotmail.com,qijikeraluvolowuduji,bronze,0
333,Elvis_Fisher@hotmail.com,daranuxeseqedetewuku,bronze,0
334,Timothy_Kutch@yahoo.com,neleqasizuduhiqifuba,bronze,0
335,Maurine78@gmail.com,jonulufotenepapirewa,bronze,0
336,Alisa.Bailey@yahoo.com,waqucavumejavesoruwa,bronze,0
337,Kirsten_Schamberger25@hotmail.com,jugulirexaqonofapesu,bronze,0
338,Claudine_McKenzie77@yahoo.com,ratabopihalofoweziqa,bronze,0
339,Markus78@yahoo.com,nidilucidabonahinidu,bronze,0
340,Danielle_Hills@hotmail.com,somohafimixizabiluzo,bronze,0
341,Vallie_Abernathy33@gmail.com,qotanizicivoyitowusi,bronze,0
342,Khalid94@gmail.com,lekelefivawecopexehi,bronze,0
343,Matilde10@gmail.com,qihomumehufimugeyafo,bronze,0
344,Lucile.Fadel31@yahoo.com,dezuhahedesujoyecuce,bronze,0
345,Haleigh_Wuckert42@yahoo.com,gesemucumegedixafori,bronze,0
346,Marty_Tremblay@yahoo.com,qaqoqidikorememiguyo,bronze,0
347,Antone.Wisozk70@gmail.com,riduyixiyoyepewahuwa,bronze,0
348,Dario2@gmail.com,tuwixixewesiqonetivu,bronze,0
349,Harley.Rolfson@yahoo.com,bozerocodiravikasuto,bronze,0
350,Jonas.Johns57@yahoo.com,zuteqahifiminucakiti,bronze,0
351,Zane.Will59@hotmail.com,mureguxirakosijurusu,bronze,0
352,Eleazar.Robel17@hotmail.com,genunuzanacoqikatefu,bronze,0
353,Lisa13@yahoo.com,jisotilewasuceluliwi,bronze,0
354,Tatum_Parisian78@yahoo.com,puraciqojejaqovevofa,bronze,0
355,Lorenzo.Wehner@gmail.com,kakigoguqoxijisusuhe,bronze,0
356,Ozella_Beatty@yahoo.com,yitibudonuqizesujafu,bronze,0
357,Kay.Bogan61@yahoo.com,bakivehixoworajivomi,bronze,0
358,Aubree93@gmail.com,demawezexehodizijogu,bronze,0
359,Melyna94@hotmail.com,miqelaqehobihezugiyu,bronze,0
360,Vernice_Schroeder49@yahoo.com,zuholihuvigexibudica,bronze,0
361,Cory56@hotmail.com,miwanonehokukihacuwa,bronze,0
362,Tad_Zemlak@hotmail.com,vikaxohiwidarigasulo,bronze,0
363,Yessenia.Yundt@yahoo.com,qigezanuwajemaduzemu,bronze,0
364,Ismael.Fahey52@yahoo.com,warocokevotesobagabo,bronze,0
365,Coralie62@hotmail.com,fojogicinomesejatuge,bronze,0
366,Lucas_Armstrong1@gmail.com,susewugabebadonacupe,bronze,0
367,Alejandrin7@yahoo.com,gidamejeniguwimawave,bronze,0
368,Jany66@gmail.com,mafaxihatahulevinoyu,bronze,0
369,Elva_Bechtelar50@hotmail.com,zewiterekigizoxolatu,bronze,0
370,Fredy_Cummings@hotmail.com,dorawekodoziyaxedoru,bronze,0
371,Lexus_Kunze1@hotmail.com,vaconobudivoyutazece,bronze,0
372,Woodrow28@gmail.com,bewajinosujizetekima,bronze,0
373,Pat.Rogahn6@gmail.com,vuzikeqalevuvonipuwa,bronze,0
374,Viviane.Bernier@gmail.com,kumafusezaniyiqepetu,bronze,0
375,Adeline_Hayes20@gmail.com,luyebihibicadefayuje,bronze,0
376,Magali_Douglas60@yahoo.com,jigajolezibanemerugi,bronze,0
377,Ava_Bernier@gmail.com,baxesafefolukacojezi,bronze,0
378,Katarina69@gmail.com,wuvucirixetujupapefi,bronze,0
379,Vesta_Ortiz25@hotmail.com,rebirudoqoguhanuxusi,bronze,0
380,Percy55@hotmail.com,vayirecikuyubafenife,bronze,0
381,Jayda_Legros4@gmail.com,rigicawudetahareqoqa,bronze,0
382,Dominic.Mraz@yahoo.com,rowudomekoxunigesoto,bronze,0
383,Darren.Wiza@hotmail.com,sidocohigenewazevoru,bronze,0
384,Daisha77@gmail.com,peyewucucebuteqilome,bronze,0
385,Jessyca.Nitzsche80@gmail.com,wedukutijeteqilifuji,bronze,0
386,Brenden12@gmail.com,yofotakucoyeyataveca,bronze,0
387,Shana_Jaskolski@gmail.com,rixodunucakosewixohi,bronze,0
388,Mohamed.Stehr@hotmail.com,sefoxaranageqeleqoca,bronze,0
389,Sunny_Ledner34@hotmail.com,roxedilirabamocareqa,bronze,0
390,Claudia.Boyle@hotmail.com,zujegimacoqakeduxeme,bronze,0
391,Kadin_Gutkowski@gmail.com,qaherukecoyopohijufo,bronze,0
392,Terrill13@hotmail.com,zohedocacisoduvuyoki,bronze,0
393,Charlotte29@hotmail.com,noxojunufatufamaqofo,bronze,0
394,Immanuel53@yahoo.com,cebawipulisemipoqaye,bronze,0
395,Forest.Hane@yahoo.com,futekiyohurepukarawa,bronze,0
396,Devan_Kilback53@gmail.com,yamamehiqopimevufolu,bronze,0
397,Cordell_Bode@gmail.com,pisaguselibozicirovi,bronze,0
398,Domingo.Larkin26@gmail.com,yuhicoxekewixukatuxu,bronze,0
399,Will2@hotmail.com,buqavoniminiqobijicu,bronze,0
400,Haleigh.Wunsch33@yahoo.com,pususubicajoyavopene,bronze,0
401,Annamae_Pollich90@gmail.com,gaqiyibajayaviwiwumu,bronze,0
402,Kylie.Becker@hotmail.com,rujaxugepuvotemeyoxa,bronze,0
403,Earl.Mante@yahoo.com,gaqitigijaguzevuqoze,bronze,0
404,Natalia93@yahoo.com,xuvoromukuxayuriqiyo,bronze,0
405,Marge_Schaefer@yahoo.com,sevewonozoluweripuma,bronze,0
406,Emma_Lindgren@yahoo.com,hexovenahegivusoxoza,bronze,0
407,Odie11@gmail.com,mefewemulehawanulino,bronze,0
408,Celestine_Jacobson@hotmail.com,rawerixelonawifihuta,bronze,0
409,Camilla_McCullough@yahoo.com,codecoziwahececeyota,bronze,0
410,Jadon18@hotmail.com,fenutasudaborosomehu,bronze,0
411,Kailyn_Greenholt62@hotmail.com,vetanarepurukuzotumi,bronze,0
412,Pascale.Ritchie@hotmail.com,bosugaduyaxetucujodi,bronze,0
413,Dean60@yahoo.com,mipujenamubejufibuti,bronze,0
414,Maximilian52@gmail.com,xabepuhuhewuxaracamo,bronze,0
415,Cortez42@gmail.com,lasuquxenetepopatika,bronze,0
416,Vladimir_Heaney@gmail.com,cesasimorukukicuqaga,bronze,0
417,Cheyenne_Langosh@gmail.com,sezulakuzesasageweye,bronze,0
418,Arnaldo_Shields@gmail.com,nutonorayotayepuwuru,bronze,0
419,Shaina.Welch97@hotmail.com,gikesujeravamaxeluvo,bronze,0
420,Eileen_Miller51@hotmail.com,pogetutexezepesevote,bronze,0
421,Macie96@hotmail.com,jamupecipiruwitijoye,bronze,0
422,Danielle_Doyle82@yahoo.com,pexuderisajotixoleji,bronze,0
423,Leopoldo_Waters77@gmail.com,jeqozowagovoyedemase,bronze,0
424,Brennan63@gmail.com,viyivumicucaqowuqila,bronze,0
425,Kaycee14@yahoo.com,kitepoyumojuvoxofuwo,bronze,0
426,Destany.Bogisich@gmail.com,yajeyutulecunitamiwi,bronze,0
427,Milo.Champlin1@gmail.com,vucucelemeyibexovava,bronze,0
428,Onie.OConner@gmail.com,zihukevovaxajazorepa,bronze,0
429,Erna83@yahoo.com,yaviginesupecuwufapu,bronze,0
430,Alec70@hotmail.com,taqaqevefimamunebure,bronze,0
431,Zella23@gmail.com,gutiminoqayaqurepitu,bronze,0
432,Oscar_Abernathy59@yahoo.com,barerawowokibayisabo,bronze,0
433,Oswald8@hotmail.com,luyocagelepuditotoxe,bronze,0
434,Roosevelt6@hotmail.com,qegohujurofilekemiqi,bronze,0
435,Ahmad_Bahringer@hotmail.com,kexicajuyecesihoriki,bronze,0
436,Elian_Reilly@yahoo.com,xuhedixaqefoyorakeho,bronze,0
437,Adrian_Bartoletti14@gmail.com,lexuruvepediwaqojoco,bronze,0
438,Sheila_Hessel@gmail.com,jagakamovoyonegazari,bronze,0
439,Clement9@gmail.com,bahiququbesaroqibiyu,bronze,0
440,Bridgette_Friesen65@hotmail.com,kuwugapimufazuvecapa,bronze,0
441,Keenan.Kuhlman@hotmail.com,toyanefodecurepefoji,bronze,0
442,Matilde91@hotmail.com,sokuvumulagatomudive,bronze,0
443,Angeline60@gmail.com,qoqahuqolanaruvibiyu,bronze,0
444,Oliver.Zemlak@hotmail.com,tilojiqecebamobotazo,bronze,0
445,Lexie.Bernhard@yahoo.com,zisebaxacocaneraziwe,bronze,0
446,Lonnie52@gmail.com,vayamomizaronahawoyo,bronze,0
447,David_White@yahoo.com,levuhuvuluzecevunico,bronze,0
448,Raymundo69@hotmail.com,xulayupuhijitabofici,bronze,0
449,Lesly6@hotmail.com,rifejenimepovudodivo,bronze,0
450,Hayden.Murazik@hotmail.com,naqozaxojalixisifasu,bronze,0
451,Electa6@yahoo.com,huhuboqizuxewunoduba,bronze,0
452,Kevon_Bogisich@hotmail.com,nuxafefojigupesanoci,bronze,0
453,Henry33@yahoo.com,gukudixajujaverivexu,bronze,0
454,Addison.Brakus17@hotmail.com,gilahukucihorizoqira,bronze,0
455,Jannie75@yahoo.com,rohemupijaxijelinajo,bronze,0
456,Justine50@gmail.com,jocuwobowivevecafoti,bronze,0
457,Torrey30@hotmail.com,ziyasuzimujovabatiki,bronze,0
458,Jessika_Swaniawski27@hotmail.com,lizivuyomokayuyimija,bronze,0
459,Enos_Champlin@yahoo.com,hocuyiqeciwocixepule,bronze,0
460,Hope_Schroeder79@yahoo.com,wunutarozumimubalapu,bronze,0
461,Caleb.Kilback@gmail.com,giqipesemuzagofuquho,bronze,0
462,Santina.Turner40@yahoo.com,funibenumehaponapenu,bronze,0
463,Josiane87@yahoo.com,jiluwadidobonovojolo,bronze,0
464,Tania.Adams21@hotmail.com,xoqafugivipozitoxosu,bronze,0
465,Zita.Medhurst32@hotmail.com,kujupozupesojepinovu,bronze,0
466,Jerry_Batz40@gmail.com,mibunomevajohacaduro,bronze,0
467,Cathy_Hahn14@yahoo.com,pebicehelugozidatulo,bronze,0
468,Herminio_Gutkowski83@hotmail.com,niwonucuwuhivajurewa,bronze,0
469,Remington_Pfeffer49@hotmail.com,zumabocosezawavoteli,bronze,0
470,Elfrieda.Thiel@yahoo.com,mupayegecujurazuxuda,bronze,0
471,Rosanna_Russel57@yahoo.com,gijizuruqetukesiwaza,bronze,0
472,Adrain66@hotmail.com,jolilezoduxuquyeseqi,bronze,0
473,Julius_Bode69@gmail.com,hojupehucofoxalitavi,bronze,0
474,Jennyfer_Stehr47@yahoo.com,gudexomukadovifumiha,bronze,0
475,Adela_Schimmel79@yahoo.com,famewiwozegabehufugu,bronze,0
476,Leda48@hotmail.com,divajadusunewimirolo,bronze,0
477,Teresa6@hotmail.com,gihavayubanecerihumu,bronze,0
478,Myrna_Mitchell35@gmail.com,befowumohuqetikatutu,bronze,0
479,Emilia.Emmerich@hotmail.com,pucevaqozumagoluqapi,bronze,0
480,Susanna_Wisoky@hotmail.com,vaxihaxorebimapuruca,bronze,0
481,Fredrick12@gmail.com,rewakiqigufepazeyahu,bronze,0
482,Maximillian.Abbott@hotmail.com,bugeyarusutuxezosiro,bronze,0
483,Tomasa19@hotmail.com,hizofipeyozapejiveqo,bronze,0
484,Jakayla_Ebert@gmail.com,volubivohuvilevalaho,bronze,0
485,Robb70@yahoo.com,xewiyewiraqicazoviga,bronze,0
486,Annie96@yahoo.com,dogubuseqobevunuxefa,bronze,0
487,Davonte.Lockman74@gmail.com,picadodojutixirasino,bronze,0
488,Adeline_OHara@yahoo.com,jibebufefazavozabohu,bronze,0
489,Jessy0@hotmail.com,zugasoyiyuxojemewiba,bronze,0
490,Bobbie_Nikolaus26@yahoo.com,yowobokecenucuhisewi,bronze,0
491,Estevan_Powlowski@hotmail.com,zuboqozugaxilidalowa,bronze,0
492,Hardy.Kunde@hotmail.com,hiwuhipidequkejoqiju,bronze,0
493,Dayton26@yahoo.com,cekajatacojihuguvuzo,bronze,0
494,Lesley61@gmail.com,sihayiqexoyajatogexe,bronze,0
495,Clovis_Stark@hotmail.com,rapitihilimecarasiki,bronze,0
496,Loyal_Hickle@gmail.com,zemocoyojilixupizeza,bronze,0
497,Olin.Mayer35@gmail.com,nisolohaladikihaqipe,bronze,0
498,Shaina.Wuckert@hotmail.com,sinawezimacaxijofene,bronze,0
499,Aleen2@hotmail.com,haqasizorefujidolufo,bronze,0
500,Kevon69@gmail.com,yawoyiwohebihazibuda,bronze,0
501,Hellen79@hotmail.com,qumabireduzesehukaja,bronze,0
502,Pedro_Padberg88@yahoo.com,kowosehepejanuqubira,bronze,0
503,Sylvester28@gmail.com,jugunenisoqicezududi,bronze,0
504,Mittie.Mann78@yahoo.com,cacebacudiyoxapecuma,bronze,0
505,Caleb4@gmail.com,yepuqariheyahopozafo,bronze,0
506,Jayda_Lockman77@hotmail.com,zeyetavuwoxocamanaqe,bronze,0
507,Janessa_Hermann@gmail.com,bufipezereqopezovewe,bronze,0
508,Ivory_Howe@gmail.com,ricalebodedokisagoho,bronze,0
509,Clair25@hotmail.com,kedanewuxaxanavawote,bronze,0
510,Rhianna81@gmail.com,besosovatawipolokunu,bronze,0
511,Jennifer_Reynolds79@gmail.com,meyidogubawiyamuhayu,bronze,0
512,Lonny.Kuphal24@yahoo.com,cesedihunipamupasato,bronze,0
513,Lyda_Marvin79@yahoo.com,hitawuwikopabugawoba,bronze,0
514,Simeon_Weissnat@yahoo.com,rabijapizicahuyeniti,bronze,0
515,Nannie.Steuber@yahoo.com,pobeyogaxolibedepupa,bronze,0
516,Kristofer34@gmail.com,bejowerujewuhowevusu,bronze,0
517,Giovanny_Lockman@yahoo.com,viqogaxucihosinireqi,bronze,0
518,Cathrine46@hotmail.com,qusilosucicimuzizeve,bronze,0
519,Caesar79@hotmail.com,vafalatiyaviyecujune,bronze,0
520,Norval.Fisher25@hotmail.com,gelufikinitozodedaxe,bronze,0
521,Kathleen_Jakubowski@yahoo.com,rimosukonozepibemuna,bronze,0
522,Hipolito49@gmail.com,lazakihuxozoxucusisi,bronze,0
523,Cordia_Conn@hotmail.com,xugaxuritefogofutivi,bronze,0
524,Toney_Kling@gmail.com,kacagoziqevazawoxahi,bronze,0
525,Kathryne_Schuster@hotmail.com,juparipagevonipohuqe,bronze,0
526,Ofelia.Zulauf27@yahoo.com,yuwijiledeperojucope,bronze,0
527,Aditya.Koelpin59@yahoo.com,jecedodapobiqapezaja,bronze,0
528,Isabelle43@yahoo.com,deloloxixibakefowoho,bronze,0
529,Maximillia11@yahoo.com,kiwiyoyifoponiduveyu,bronze,0
530,Elaina42@yahoo.com,qahiluvazozaqavugivu,bronze,0
531,Antwon.Steuber93@gmail.com,torupukunazevofoxita,bronze,0
532,Brendon_Hermiston35@gmail.com,dazupahivihacecatizo,bronze,0
533,Rosalee.Johnston87@yahoo.com,fucaqutotifaquregaku,bronze,0
534,Mac93@hotmail.com,mejomovedakigizewumi,bronze,0
535,Anais_Herman@hotmail.com,zegavoqiyivecacareba,bronze,0
536,Sandy49@yahoo.com,zeneloxefemisusemuqi,bronze,0
537,Arlo_Hane@hotmail.com,wisucotuvojucukajota,bronze,0
538,Delmer_Braun@yahoo.com,vuqebubirahaxucebeti,bronze,0
539,Zaria_Rath@yahoo.com,zokivaqikuxoquvululo,bronze,0
540,Luella_Kling60@gmail.com,fegicekezekubohotuci,bronze,0
541,Blanca_Kohler@gmail.com,cifujasejobelosuseje,bronze,0
542,Noemy_Boyle69@gmail.com,ropunevewusawaqisowu,bronze,0
543,Eden_Graham36@hotmail.com,kecayobulipinahevehi,bronze,0
544,Rebeca_Watsica@yahoo.com,jedifuyoyaraxepotoba,bronze,0
545,Cecilia_Okuneva@gmail.com,bazahirovopadobiraye,bronze,0
546,Pansy.Kunde23@gmail.com,noyevefuculolajohota,bronze,0
547,Myrl27@hotmail.com,doticavelujijezipedi,bronze,0
548,Bradford_Funk@yahoo.com,sixoxaqocofehedosade,bronze,0
549,Salvador_Considine31@gmail.com,qekibezodijenewagowi,bronze,0
550,Lia_Gleichner@gmail.com,ledivejumofiyoqavaro,bronze,0
551,Imelda38@hotmail.com,jolufixegopalevenope,bronze,0
552,Erna97@gmail.com,qahogabipikajajahuga,bronze,0
553,Eulah98@yahoo.com,gisejidatovijufutoko,bronze,0
554,Flossie50@yahoo.com,cetiwapezorijuvebaho,bronze,0
555,Nola27@hotmail.com,vohubawovalocojaroda,bronze,0
556,Dimitri_Anderson33@hotmail.com,qicudadewonomuverizo,bronze,0
557,Cristopher33@hotmail.com,siroxudoxefedixilela,bronze,0
558,Elvis_Glover@yahoo.com,vubemakosagofokemodi,bronze,0
559,Jacky_Hermiston88@gmail.com,pasowavahezusirarevo,bronze,0
560,Sheridan.OConnell@hotmail.com,vikejegenaruqaruhepe,bronze,0
561,Anabel1@yahoo.com,vefoqenevuvixomatibe,bronze,0
562,Clint_Jast79@yahoo.com,nakovoweyesexezezoco,bronze,0
563,Ross17@gmail.com,qokevededoxigekogepo,bronze,0
564,Jovani82@yahoo.com,xugubiyupexikewirube,bronze,0
565,Evalyn_Orn49@yahoo.com,xaxafamopehetifoveta,bronze,0
566,Jewell_Thiel43@yahoo.com,dawolicecenutatologu,bronze,0
567,Mathias.Hickle29@yahoo.com,kaxaxupiqamulanalesu,bronze,0
568,Claire.Mante@hotmail.com,zedecuvobuhegolejecu,bronze,0
569,Alayna98@hotmail.com,wugatesiqewuzuvaxove,bronze,0
570,Anastacio.Tromp65@hotmail.com,hapogeduhuqeqajuwaso,bronze,0
571,Greta.Jacobi59@hotmail.com,hociliquwaruwupogeto,bronze,0
572,Federico_Labadie45@hotmail.com,fuqijesanebazoforake,bronze,0
573,Madisen.Armstrong@gmail.com,fafenesecatuduzicuhe,bronze,0
574,Carter80@hotmail.com,dezobiyemoqecilotoro,bronze,0
575,Amanda.Lemke8@hotmail.com,rulixidodopegogopagu,bronze,0
576,Xzavier.Rath@yahoo.com,capiqecakabawezucura,bronze,0
577,Nakia95@hotmail.com,jarutigibiyukivexozu,bronze,0
578,Hoyt79@hotmail.com,baqivepeyevupisebowo,bronze,0
579,Jairo_Jenkins@gmail.com,comomevabaheyubicola,bronze,0
580,Myah.Botsford@gmail.com,kequlecapiqibobunamo,bronze,0
581,Carlos.Barrows@hotmail.com,huwixokifovemiketesu,bronze,0
582,Virginie_Feeney@yahoo.com,yagipoledorihopehefu,bronze,0
583,Janet70@yahoo.com,zedoqiwusuvetumayiba,bronze,0
584,Magdalena.Carroll@hotmail.com,piqiwitawupesasicice,bronze,0
585,Kamren.Ratke40@gmail.com,muyeqewuredabafayuce,bronze,0
586,Toy_Parker65@yahoo.com,pulipidosabekuriqebo,bronze,0
587,Domenica_Nolan87@gmail.com,lavaviqexuvuvemahiti,bronze,0
588,Mauricio47@yahoo.com,menuyumitidorasipeku,bronze,0
589,Vincenza_Abshire21@yahoo.com,lilizuruxalazedugala,bronze,0
590,Jermey17@hotmail.com,feheqahinomoyovocale,bronze,0
591,Shawna61@yahoo.com,sutihekafuvuyifupexu,bronze,0
592,Ferne91@yahoo.com,lipihametavabumuyugu,bronze,0
593,Belle38@yahoo.com,citogukotutebeboqiso,bronze,0
594,Lorenz90@yahoo.com,wamonimahexadebalodu,bronze,0
595,Braulio_Wiegand@yahoo.com,vijopafayatalatazeva,bronze,0
596,Harmon_Rohan80@hotmail.com,behiyivoweguraqidaxa,bronze,0
597,Bettye_Rau66@gmail.com,podedakelumelujotara,bronze,0
598,Dina87@gmail.com,beyuwadujivehihugope,bronze,0
599,Israel.Walter47@hotmail.com,pipexumuxatapewukuye,bronze,0
600,Torrance39@gmail.com,xacumopiziyohidolubi,bronze,0
601,Nestor.Halvorson65@gmail.com,lupuzezoqakabunagafo,bronze,0
602,Alia2@yahoo.com,naqikiyewerihamowipo,bronze,0
603,Gerda.Lakin@hotmail.com,mizeqacuyogupemixilo,bronze,0
604,Raphaelle_Okuneva@gmail.com,gecijuceduhosaqalayi,bronze,0
605,Wayne40@yahoo.com,xekoyawixoyoruriyime,bronze,0
606,Elza.King@yahoo.com,rilesiyagetucakolivi,bronze,0
607,Ransom99@gmail.com,rafibumuyofecopakune,bronze,0
608,Ronny_Williamson@hotmail.com,salugabumukidudogafi,bronze,0
609,Emily.Hoeger@gmail.com,womodonosomuqasapiba,bronze,0
610,Douglas_Trantow68@yahoo.com,faxafoneruhukexupiju,bronze,0
611,Dwight55@hotmail.com,helojosepezuxeguvite,bronze,0
612,Edward74@hotmail.com,lawirezunanuwalaqube,bronze,0
613,Blair.Dietrich80@gmail.com,giropoyaregaziwacira,bronze,0
614,Ernestine.Emmerich38@yahoo.com,qibotimilekiwefafodu,bronze,0
615,Chauncey17@gmail.com,cozuqowiruyacusiqehe,bronze,0
616,Gardner_Schinner43@hotmail.com,jotelokucasabesumoyo,bronze,0
617,Greg23@hotmail.com,buqojagixuneputomoye,bronze,0
618,Verlie.Bahringer@gmail.com,lifehurimozesehopavi,bronze,0
619,Elvie.Zieme@gmail.com,gihuhipadivurohojodo,bronze,0
620,Elisa_Larkin57@yahoo.com,kuvagowifuxabeduzulo,bronze,0
621,Anne_Gleichner92@hotmail.com,xukubizahitikobaqima,bronze,0
622,Derek.Stracke69@yahoo.com,zicoyohuyizukedesewi,bronze,0
623,Kirk61@yahoo.com,fufizebotagahivihufe,bronze,0
624,Emmalee_Lindgren47@yahoo.com,merunuxegocuqecehomi,bronze,0
625,Emory_Daniel@yahoo.com,linigexexumiculuduto,bronze,0
626,Zakary.Mante@hotmail.com,topemozahimecopatica,bronze,0
627,Hazle_Skiles63@gmail.com,kaxakutezuhosugoduwo,bronze,0
628,Imelda26@yahoo.com,kadifeneputofopujusu,bronze,0
629,Angeline_Kiehn@yahoo.com,buyamanizayuritukinu,bronze,0
630,Avis_Hirthe@yahoo.com,xukeyufezimobavuzobe,bronze,0
631,Vergie20@gmail.com,kilezenulahisomopube,bronze,0
632,Dejuan_Willms@hotmail.com,jawujagaguxiwivuyahu,bronze,0
633,Ezekiel.Rogahn@gmail.com,goqijujagepipatigaju,bronze,0
634,Thurman82@hotmail.com,bicedaqakifahovegepe,bronze,0
635,Keeley_OKon@yahoo.com,pineyiwupemadatakito,bronze,0
636,Cindy.Wolf6@hotmail.com,hopulikenonimebewoya,bronze,0
637,Marshall_Schuppe7@hotmail.com,sudunidiqulivulinove,bronze,0
638,Mauricio_Runte@gmail.com,podecojebiwojelamima,bronze,0
639,Trever74@gmail.com,paveyofadibotijubile,bronze,0
640,Chet.Leuschke13@hotmail.com,tiyekucurowuserekere,bronze,0
641,Tad_OConner87@gmail.com,nurigitavuvuyaguruvo,bronze,0
642,Wyman.Williamson32@gmail.com,zafejekepagobayifahi,bronze,0
643,Weldon41@hotmail.com,yikunufilohivagiqalo,bronze,0
644,Winfield.Bartell@yahoo.com,rijokeriribitiyigota,bronze,0
645,Pierre77@yahoo.com,dofuvovusosenusizuju,bronze,0
646,Trycia.Mertz@hotmail.com,wafemodoxehumiwojeqo,bronze,0
647,Maxie97@gmail.com,zofusinalacarivupovi,bronze,0
648,Greta9@gmail.com,qojisapuhunofoguruqa,bronze,0
649,Trevion_Macejkovic0@yahoo.com,junalifixatodumijahe,bronze,0
650,Pinkie.Kovacek15@gmail.com,cebidoyejadihoradoxe,bronze,0
651,Marta_Borer@yahoo.com,yiduduvuxiduhaneriju,bronze,0
652,Annabell.Gerhold95@gmail.com,fiduzodiwixevezidoma,bronze,0
653,Keith20@hotmail.com,voxuduguqawuzuyaviha,bronze,0
654,Angeline.Breitenberg22@gmail.com,rapayoqonebepejugimi,bronze,0
655,Travon.Reynolds24@yahoo.com,fusetetenivizokepuhu,bronze,0
656,Leanne61@yahoo.com,marelilusubenakiwude,bronze,0
657,Celia9@yahoo.com,nuxekoheqonojusoqiku,bronze,0
658,Nayeli_Borer@yahoo.com,xorihodafozewehuqaju,bronze,0
659,Madonna60@yahoo.com,nadacisicohidulaseve,bronze,0
660,Khalil_Runte48@hotmail.com,duyabewisagosubevawe,bronze,0
661,Jennings_Schultz50@hotmail.com,rusigugebewudopimaha,bronze,0
662,Donato_Lesch@yahoo.com,tarefezagunejayuyobi,bronze,0
663,Emie.Lynch26@gmail.com,huxalexenukubiyizobu,bronze,0
664,Emilia.Turcotte@gmail.com,dirozomisalibuwosexe,bronze,0
665,Wilmer_Ruecker98@gmail.com,zifedupubuwijoqoyenu,bronze,0
666,Maryjane.Schoen45@yahoo.com,wigimajagadacekuvigi,bronze,0
667,Sabina_Lind@gmail.com,pasucibalazotavuruhi,bronze,0
668,Misael.Sporer@gmail.com,qowenukeqotezihejofu,bronze,0
669,Kennedi30@yahoo.com,mubegopihuvacilecovo,bronze,0
670,Amiya_Sanford@hotmail.com,pehahohoyufotiqajeho,bronze,0
671,Monserrat38@hotmail.com,mefoqeyuhuviqajodifi,bronze,0
672,Bette_Ondricka@gmail.com,kivufohebetulalizubi,bronze,0
673,Verda.Adams1@gmail.com,wasohuzegequmocohaqa,bronze,0
674,Yasmine.Will77@gmail.com,joxocikatonuyobaqoxa,bronze,0
675,Freeda85@hotmail.com,timabikuxaceluburoli,bronze,0
676,Ilene.Abernathy98@hotmail.com,hikadenuzukekejuzugi,bronze,0
677,Bart_Steuber@hotmail.com,kezopahenomokudajani,bronze,0
678,Wilma38@gmail.com,cecuvucenebujosufare,bronze,0
679,Arnaldo_Reilly13@yahoo.com,retaxepecoceyuhupefu,bronze,0
680,Laverna55@hotmail.com,pohiximatexubaximuhe,bronze,0
681,Lloyd.Hammes@hotmail.com,pahibigotacuvucewixe,bronze,0
682,Meaghan_Goyette@gmail.com,jepazopisuyiveduzoki,bronze,0
683,Kassandra_Hartmann24@hotmail.com,jawoqewaxajosizoqeyu,bronze,0
684,Keshawn2@gmail.com,huvoduyamozixusubixu,bronze,0
685,Emmitt_Friesen61@yahoo.com,lahitofixepiceregezi,bronze,0
686,Quinn.Nitzsche9@yahoo.com,muzayowaqinojedociqi,bronze,0
687,Mariam_Kertzmann0@hotmail.com,fulicoqosekafimenuji,bronze,0
688,Jordon.Gleichner@gmail.com,waqukaropocomabuguwu,bronze,0
689,Kenton.Cormier49@yahoo.com,fifehimezuvajomaquto,bronze,0
690,Marquise_Medhurst@yahoo.com,cujuderukuserebacomo,bronze,0
691,Vivianne.Rodriguez@gmail.com,lijedigaroxevecanepe,bronze,0
692,Abelardo.Herman34@hotmail.com,wakijifitozexuxovoga,bronze,0
693,Heloise4@gmail.com,lacoderabiqofekopedi,bronze,0
694,Rosie.Moore@hotmail.com,yusitegezoyasagiyigo,bronze,0
695,Electa_Beer29@gmail.com,yasegafufonogucebuna,bronze,0
696,Aida_Muller7@gmail.com,boserewayixugabasolu,bronze,0
697,Summer.Strosin@yahoo.com,yofutujeximotapoluvu,bronze,0
698,Emelie.Kilback@hotmail.com,dunelosoninoqadisoci,bronze,0
699,Llewellyn.Gusikowski50@yahoo.com,bicafaruhusadahozeyi,bronze,0
700,Helmer36@gmail.com,vupifeqekiqihekanaye,bronze,0
701,Melissa85@yahoo.com,kuqolucepesediqobimi,bronze,0
702,Gardner8@gmail.com,vonoreyawogabumusako,bronze,0
703,Neil.Kemmer@hotmail.com,sukilugeyiwiwoxuhetu,bronze,0
704,Jennings6@gmail.com,yezesikusupuzihuqohe,bronze,0
705,Joesph.Predovic82@hotmail.com,pewiduruginobarevawu,bronze,0
706,Brent.Trantow@hotmail.com,xiyihaxeboripifexuzi,bronze,0
707,Margret.Beier62@hotmail.com,zuzesahiqobimusaqitu,bronze,0
708,Grant86@yahoo.com,covuvanopeyoxevoxeha,bronze,0
709,Reba76@gmail.com,gogijoxozuqusozoruqi,bronze,0
710,Lavinia92@gmail.com,quwopomuwufoburijafe,bronze,0
711,Eliane4@gmail.com,buzuquguwavofotekuyo,bronze,0
712,Maryam.Koss@gmail.com,nucovoboxoticohuwaqa,bronze,0
713,Dudley14@yahoo.com,gowurexiquhotemaduqu,bronze,0
714,Brook.Hansen89@yahoo.com,sudizojalipomaratema,bronze,0
715,Pinkie_Douglas92@yahoo.com,hitimizuzalequfuwiwi,bronze,0
716,Alvera_Feest@yahoo.com,haligubiquduruzakuhu,bronze,0
717,Ursula4@hotmail.com,yusigidaxexemacilayo,bronze,0
718,Reva.Ritchie@hotmail.com,mazukocanaloduvaxese,bronze,0
719,Eden57@yahoo.com,wahapacuzejuyeqapima,bronze,0
720,Katharina_Yundt18@gmail.com,puxijonewerafelurifo,bronze,0
721,Anabelle.Littel@gmail.com,lebibefegigiwubodoxu,bronze,0
722,Miguel.Hodkiewicz13@gmail.com,govuzolebetudipefave,bronze,0
723,Chelsey.Witting96@hotmail.com,qedanayamikowurohipo,bronze,0
724,Brad93@hotmail.com,naqebuzubufufusibumu,bronze,0
725,Danyka.Will@gmail.com,qediseridekijojeyate,bronze,0
726,Effie.Haag7@gmail.com,qakemelowuresocajaka,bronze,0
727,Arlie63@yahoo.com,xuxogumotegetimumejo,bronze,0
728,Yoshiko.Adams@hotmail.com,gexuxirifexuyodediqi,bronze,0
729,Alden61@hotmail.com,qilarivazucicicuqewu,bronze,0
730,Christine.Jast@gmail.com,qowocebeqizijiqaveme,bronze,0
731,Meta.Klocko@gmail.com,covokicoyisutanapaku,bronze,0
732,Rafael19@yahoo.com,qufujopewemitozadosa,bronze,0
733,Desiree.Schaden@gmail.com,jimusehesohuvidiwupa,bronze,0
734,Dominic.Fay52@gmail.com,mufotudorurupehinabu,bronze,0
735,Leopoldo_Roberts24@hotmail.com,mimodamatavikimebisa,bronze,0
736,Dagmar.Powlowski@hotmail.com,tapehewavuqehaxavege,bronze,0
737,Pedro50@gmail.com,segovijolapinutulahi,bronze,0
738,Cory0@hotmail.com,necowotujavonapicuxa,bronze,0
739,Taya_Kuphal24@hotmail.com,wonefabomeherebajiyu,bronze,0
740,Brennan78@hotmail.com,dizupimilupacujuhija,bronze,0
741,Trudie_Kuhic@yahoo.com,hobimohenojewewilaku,bronze,0
742,Tianna.Hirthe@hotmail.com,yocikomagoviwuzoyoce,bronze,0
743,Beatrice_Konopelski78@hotmail.com,mofatijotalelavexafu,bronze,0
744,Bruce86@hotmail.com,guveriqabidonodigeyu,bronze,0
745,Jaqueline12@gmail.com,rojomacatogebeyijone,bronze,0
746,Jazmin.Russel@yahoo.com,wihuqutubiqoledoxide,bronze,0
747,Carley.Glover97@yahoo.com,xekuqagumukelepowowu,bronze,0
748,Frida_Kris8@gmail.com,fiqohesuwimeciqenada,bronze,0
749,Domenic_Sauer@yahoo.com,modamatudakovumahasi,bronze,0
750,Ruthe.Thompson@yahoo.com,vevimononokovewizena,bronze,0
751,Lelia.Heaney3@yahoo.com,nijanelubufedekucohi,bronze,0
752,Kale.Farrell@hotmail.com,dinuqowaqohuqodazuje,bronze,0
753,Tiara26@yahoo.com,cefudalujegacemobedi,bronze,0
754,Misty_Rosenbaum73@yahoo.com,cecuvocuxemadolagoje,bronze,0
755,Antonette36@gmail.com,yafemiseqiriyulalubu,bronze,0
756,Jamarcus_Fisher57@gmail.com,futosuzizinabeqomoge,bronze,0
757,Jordi.Wolf@yahoo.com,puyujoqexicuminutegu,bronze,0
758,Jessyca32@gmail.com,bihagoyodutajikezozi,bronze,0
759,Jermey_Weber@yahoo.com,zaqizapobekikasulago,bronze,0
760,Hugh19@yahoo.com,qocejaniwitosafeboci,bronze,0
761,Shanon.Roberts@hotmail.com,vinoviyinomecewureki,bronze,0
762,Korbin_Windler@gmail.com,cinorafehayoyoqewohe,bronze,0
763,Elliot39@gmail.com,jetozukekudovinofexe,bronze,0
764,Fern.Dare@gmail.com,xayujexijevuduwohomo,bronze,0
765,Doyle.Hammes@yahoo.com,woruxojesocogelodazu,bronze,0
766,Al.Beatty@hotmail.com,pucamurorodiyebogame,bronze,0
767,Addie_Herzog@gmail.com,biqedehuramobaxikaya,bronze,0
768,Alexys_Stehr@hotmail.com,pojudojoxatujowohico,bronze,0
769,Dangelo.Marks62@yahoo.com,karacebefatomuyexozo,bronze,0
770,Lorena_Feil20@gmail.com,vakodizoludaruqewito,bronze,0
771,Kaela.Schimmel@gmail.com,keyagamixiwuyolitife,bronze,0
772,Rosamond_Feeney@yahoo.com,xutarumomepedezidimi,bronze,0
773,Urban95@yahoo.com,riputeselehemokikeva,bronze,0
774,Lucas.Gorczany40@yahoo.com,ruwotidumogadobuzaki,bronze,0
775,Bridgette.Barton@hotmail.com,saxoduculawinatilixe,bronze,0
776,Kiarra_Bartoletti97@hotmail.com,cugoyigadimovixewuju,bronze,0
777,Corine5@hotmail.com,gafamososobovurabezo,bronze,0
778,Johann.Rohan7@gmail.com,cijogudoxuloguziqate,bronze,0
779,Maryam79@hotmail.com,gayisujebatawiqoxayo,bronze,0
780,Mitchell.OKon19@yahoo.com,dibozakixotetugegigu,bronze,0
781,Gina.Conn35@yahoo.com,buzigiyocetukoposebe,bronze,0
782,Heath.Carroll@gmail.com,katilihomecikobecuqa,bronze,0
783,Natalia_Cole@gmail.com,xeyeheworofuromukoce,bronze,0
784,Robbie.Hand@yahoo.com,vuhetamusetecegomoba,bronze,0
785,Conrad.Stoltenberg@hotmail.com,coqoxosivicariputeba,bronze,0
786,Sid83@hotmail.com,qayixoziduluhomumiqa,bronze,0
787,Gunnar8@yahoo.com,zuliqusonazitosovewi,bronze,0
788,Marion10@hotmail.com,suyabofadisegeyiquhe,bronze,0
789,Nyasia31@hotmail.com,tefavevakuwijoxuwaba,bronze,0
790,Colin48@yahoo.com,pagocamiditagozovumu,bronze,0
791,Ava.Jacobson@yahoo.com,fisumaqunibedaxajuwi,bronze,0
792,Alexane.Auer@gmail.com,fozolepamomididimepe,bronze,0
793,Belle96@gmail.com,fofedefefawadedizaxe,bronze,0
794,Shyann_Marquardt@gmail.com,kehexawesomuxumuyeva,bronze,0
795,Vilma90@hotmail.com,pevinovabivozajubime,bronze,0
796,Kamille_Kautzer69@yahoo.com,fubuyosebojupayagozi,bronze,0
797,Chaim82@hotmail.com,bawuyirotigiwaxereya,bronze,0
798,Lexie95@gmail.com,tefomuzenufovebazaqo,bronze,0
799,Raheem55@hotmail.com,zawagifakesedimesedu,bronze,0
800,Wyatt94@hotmail.com,runoteqenerepulobivu,bronze,0
801,Valentine.Balistreri@hotmail.com,jowuyudasoguyunapafu,bronze,0
802,Nelson.Koelpin@gmail.com,guvomuletowawalagako,bronze,0
803,Alta.Jakubowski@hotmail.com,mudimefojawucupiqole,bronze,0
804,Carolyn_Carroll4@gmail.com,tamabodecerosofifabe,bronze,0
805,Phoebe.Gleichner@yahoo.com,gocoqaviqogiyutosefu,bronze,0
806,Otha.Schamberger32@yahoo.com,cojiwarowakunuguliqe,bronze,0
807,Reese12@hotmail.com,mikayetoxiremiwoqugi,bronze,0
808,Junior_Botsford@hotmail.com,qiyipeyulikezomohesa,bronze,0
809,Clarabelle39@yahoo.com,sowometomebagaxesapu,bronze,0
810,Walter.Ankunding2@hotmail.com,fotenefadituqudaqoho,bronze,0
811,Noe49@hotmail.com,nasuzapanekotorunopu,bronze,0
812,Addie_Runolfsson89@gmail.com,sorisaqotahabafasuge,bronze,0
813,Jennyfer.Jaskolski32@hotmail.com,kucopufaperewasumimi,bronze,0
814,Paula.McKenzie@gmail.com,lehosopesepabirexegi,bronze,0
815,Enid.Roob@gmail.com,vayodagasenuvotahipo,bronze,0
816,Mabelle_Jones32@yahoo.com,xuzohelusakadirarixa,bronze,0
817,Celestine73@gmail.com,wumahorikecegovuqozi,bronze,0
818,Jenifer_Rice28@yahoo.com,mevupaxucodozawaquba,bronze,0
819,Christopher_Reichert28@yahoo.com,zumacinosuhatezebemu,bronze,0
820,Myrtie.Mohr61@yahoo.com,pumekixicatadizurila,bronze,0
821,Leanne96@yahoo.com,nefubuxomimepiruheyo,bronze,0
822,Darrel.King84@hotmail.com,keneganewavowuxumeli,bronze,0
823,Glen.Veum49@yahoo.com,luxukehocupidocovofu,bronze,0
824,Felipe.Treutel96@gmail.com,nilemulazuvawupubeyi,bronze,0
825,Dominique5@gmail.com,bujacaxazugumonomago,bronze,0
826,Kellen_Hilpert0@hotmail.com,yucapevocimuzidaloba,bronze,0
827,Antwon_Lehner1@gmail.com,xuyuboqeqipawicudohe,bronze,0
828,Layla.Wyman48@gmail.com,xikicecominamirosaba,bronze,0
829,Jaylen.Reichert88@yahoo.com,bifeguqizebujiwamewo,bronze,0
830,Wilber.Toy@gmail.com,pizilelofuwiragitole,bronze,0
831,Bella89@yahoo.com,yogewobutaboxehetubo,bronze,0
832,Una.Jacobson@gmail.com,voceqohisecujezumeri,bronze,0
833,Aglae.Jakubowski25@hotmail.com,repejebinipelijinuca,bronze,0
834,Nicolette53@gmail.com,muxixixasaduheqacuve,bronze,0
835,Vern.Boehm@yahoo.com,qafepivuludovimayuvi,bronze,0
836,Edd.Ernser31@gmail.com,miruzuvakizagimiwaji,bronze,0
837,Reva66@hotmail.com,cixurojifoborezewepu,bronze,0
838,Naomi.Shanahan48@gmail.com,gaqumaviselekukofogu,bronze,0
839,Fanny68@yahoo.com,lopoxevuvesobugawiki,bronze,0
840,Edyth.Torphy20@yahoo.com,vezowiqusecolirapodo,bronze,0
841,Katelin79@hotmail.com,vanisigurahikajuzije,bronze,0
842,Valentina90@yahoo.com,wuxapizakobowarofako,bronze,0
843,Ansley40@gmail.com,mavumonecoficadosazi,bronze,0
844,Sim_Jast9@yahoo.com,zucehutoqokakiyelado,bronze,0
845,Kade.Pollich@hotmail.com,nocijuhupatimaradufi,bronze,0
846,Alberta81@yahoo.com,cajuxiyahiqipilesaji,bronze,0
847,Brad.Ankunding@hotmail.com,sihepejadihuzinowuxi,bronze,0
848,Rosamond_Lebsack@gmail.com,bovabekucehunakekebu,bronze,0
849,Jarod_Harber@hotmail.com,zidufuxoziwozatohulo,bronze,0
850,Demario_Sawayn@yahoo.com,nopedesopewenitesepi,bronze,0
851,Mollie.Zulauf80@yahoo.com,xaduqahezakesarepofo,bronze,0
852,Oma_Zboncak1@hotmail.com,temofukobafulohapezu,bronze,0
853,Carmelo.Baumbach@hotmail.com,nabopupijakajavajaxi,bronze,0
854,Leslie_Trantow@gmail.com,vuxiniferihovutuzobe,bronze,0
855,Brielle_Braun95@gmail.com,gatekoxosuyirenemobi,bronze,0
856,Roberta_Aufderhar44@hotmail.com,lirapekebiyuyidatovu,bronze,0
857,Zetta91@yahoo.com,jilasebavejicurijile,bronze,0
858,Burnice77@gmail.com,ruzaxujesuyogavamoyo,bronze,0
859,Gladyce6@yahoo.com,hiludusavasutuxugabu,bronze,0
860,Alia_Lehner16@hotmail.com,xavicogarisakuhacefi,bronze,0
861,Uriah61@gmail.com,depuzisecuxavixifate,bronze,0
862,Shaniya_Fahey@gmail.com,yifanixuzonimiramuna,bronze,0
863,Margie17@yahoo.com,liqixaperavanuqafotu,bronze,0
864,Brandt41@yahoo.com,qivobotalunatuhepoya,bronze,0
865,Niko_Kris@yahoo.com,covisowexedelopikaju,bronze,0
866,Hudson_Bogisich@yahoo.com,xuweronogumahepenayo,bronze,0
867,Linnea0@gmail.com,cumidixoteyapeloneku,bronze,0
868,Jeromy.Beahan@yahoo.com,nisekamiluxevezugalo,bronze,0
869,Clemens.Williamson@yahoo.com,gozilukogobekuvihiwo,bronze,0
870,Alexys.Jones16@gmail.com,yeribivaxujayuhutote,bronze,0
871,Irma59@gmail.com,gewalumeqolacajaqeje,bronze,0
872,Jackeline_Nienow@hotmail.com,hudimaxequxubuyirero,bronze,0
873,Heidi.Kertzmann@hotmail.com,tifaxawofomimebasoge,bronze,0
874,Eve_Brown55@hotmail.com,libusejodaniconasixo,bronze,0
875,Jordane_Bogisich@gmail.com,nedakineqidecuyaceri,bronze,0
876,Paige27@yahoo.com,xugikuzexumibugemoba,bronze,0
877,Dominic_Jakubowski41@yahoo.com,fijacusovicecuyizole,bronze,0
878,Mozell20@hotmail.com,teyatekodajeluwetupu,bronze,0
879,Haven_Kohler35@gmail.com,yokoqipuribegiposoya,bronze,0
880,Leone41@yahoo.com,fapehohipiduvujonicu,bronze,0
881,Floy_Heathcote@yahoo.com,seheporukuxavijufonu,bronze,0
882,Elwin.Pacocha@gmail.com,xazoruxuyehiyilitaqo,bronze,0
883,Icie_Ferry@yahoo.com,mekijijovelotihaseci,bronze,0
884,Dedric_Weimann30@hotmail.com,fibezuqaqiqekajufecu,bronze,0
885,Aiyana.Ernser@gmail.com,bumocuyevuyihenimaze,bronze,0
886,Cyril58@yahoo.com,vamimuzajuwezuperufe,bronze,0
887,Retta72@hotmail.com,viyawuxazibinijivuwu,bronze,0
888,Ophelia40@yahoo.com,fuyuzibuhuduyuwulumo,bronze,0
889,Cara.Keebler@hotmail.com,gohorohecizeqehunegu,bronze,0
890,Johnathon82@yahoo.com,bapiqebusamibikagolo,bronze,0
891,Morris_Carter51@hotmail.com,jariqacasifitesibuqu,bronze,0
892,Sylvan.OConnell57@gmail.com,zipibademefegabokefu,bronze,0
893,Shawn.Lockman12@gmail.com,paquyineyajufolaraxu,bronze,0
894,Sienna60@gmail.com,jekigamayuyicacutoki,bronze,0
895,Hal_Hills55@yahoo.com,dotiletuvowuketutaxa,bronze,0
896,Olaf.Hermann20@hotmail.com,cixajacihorewerabufu,bronze,0
897,Ivory.Leannon@hotmail.com,yezopaciboxezamiluqe,bronze,0
898,Carlotta.Willms48@yahoo.com,jaxusilapuyapusupovu,bronze,0
899,Roxane60@gmail.com,gifivaravoxozedikovi,bronze,0
900,Herta_Hartmann29@gmail.com,tohijunumahatelilaza,bronze,0
901,Herminia_Wehner9@hotmail.com,kupurajebexaritajeno,bronze,0
902,Leola.Murphy67@yahoo.com,yexubidemifalemawiro,bronze,0
903,Candace.Beier@hotmail.com,dawakupeciyekewasini,bronze,0
904,Jackeline92@gmail.com,zodihozipawovonuloyi,bronze,0
905,Felton91@hotmail.com,zojiwubohenujikuqovo,bronze,0
906,Walton_Mitchell22@yahoo.com,hucoqifafenucuzawori,bronze,0
907,Jamal.Cremin@gmail.com,yaseyajuluhegavaxedi,bronze,0
908,Olaf_Macejkovic@hotmail.com,cazoyijerolalihajega,bronze,0
909,Waino_Koepp44@gmail.com,xuwuyazijefawenoxaca,bronze,0
910,Eino_Braun10@gmail.com,mepeseririjarunidenu,bronze,0
911,Gilberto.Weber54@hotmail.com,sasesimalofelaneluya,bronze,0
912,Boris.Pacocha53@yahoo.com,tugecayejawoqoliqanu,bronze,0
913,Ezra16@hotmail.com,fapemukariwajimuruqo,bronze,0
914,Delia_Langworth23@gmail.com,johasumizanuyaverisa,bronze,0
915,Rodger74@gmail.com,nijokuvesinaxiyesowu,bronze,0
916,Juvenal16@gmail.com,mukidarisihunuyiqika,bronze,0
917,Noelia_Okuneva@hotmail.com,ragefavajuhixayenedu,bronze,0
918,Freida51@hotmail.com,fuyucuvaqoseqivowoji,bronze,0
919,Myrtis_Gleichner72@yahoo.com,cetofahegesitacukaxo,bronze,0
920,Laverna50@gmail.com,pojezopuhabiduxehise,bronze,0
921,Johnpaul.Ratke@hotmail.com,nebepabarugobehubafa,bronze,0
922,Alessia_Dickens@hotmail.com,nepekuzizobodimamiji,bronze,0
923,Olin.Wintheiser@yahoo.com,todigajisowuforuvaxu,bronze,0
924,Mara_OReilly9@yahoo.com,nanigubaferoyotiqupo,bronze,0
925,Renee86@gmail.com,xuzugomevupatipalogi,bronze,0
926,Cody_Macejkovic25@gmail.com,celasenenizusevojixo,bronze,0
927,Madaline92@gmail.com,wivavumamicuriyajihi,bronze,0
928,Oren_Spinka17@yahoo.com,xefiyonuhonucagomuqe,bronze,0
929,Rebeka_Bosco47@hotmail.com,kozebeqadociteyekuma,bronze,0
930,Berneice.Wunsch@hotmail.com,wuxuqaxopemedixiqulu,bronze,0
931,Wiley_Stroman@gmail.com,lituhocedemogawowase,bronze,0
932,Vincenza_Tromp58@yahoo.com,jehodikijufupirulubi,bronze,0
933,Scottie_Denesik80@gmail.com,golozusalunohuzequba,bronze,0
934,Angie_Ankunding29@yahoo.com,lifiyatizifocixibolu,bronze,0
935,Kellie.Lindgren71@hotmail.com,qabihefasozahifaboco,bronze,0
936,Maida85@gmail.com,vuzixaziyofenuvocixi,bronze,0
937,Mercedes_Doyle@gmail.com,hejopuvuxosadedekofi,bronze,0
938,Dave62@gmail.com,dobudobibelihezobuma,bronze,0
939,Avis.Breitenberg@hotmail.com,nukajakiwijupepebahe,bronze,0
940,Agnes20@hotmail.com,xinatemegudazamiwepu,bronze,0
941,Corine74@gmail.com,pefakosidisesarejowo,bronze,0
942,Celine_Crooks48@hotmail.com,bodolasowuloqefoxune,bronze,0
943,Carolanne15@yahoo.com,bayofugiwakapumavowa,bronze,0
944,Robb.Graham@yahoo.com,lalolojitecayicineqe,bronze,0
945,Keara43@gmail.com,vexugoteyupapunukuvi,bronze,0
946,Shanon81@yahoo.com,kurifijiwuxetoponaso,bronze,0
947,Claire35@gmail.com,raheyapirazovazafazo,bronze,0
948,Hubert79@gmail.com,qunurowinuparipicugu,bronze,0
949,Kurt.Kassulke@gmail.com,tiqocekovehulayixihi,bronze,0
950,Leonard_Schowalter0@hotmail.com,migurusesezaseredizi,bronze,0
951,Julianne6@gmail.com,lotipomugacicopetaxe,bronze,0
952,Gianni_Watsica@hotmail.com,bumixiwamahiriyuluwo,bronze,0
953,Nickolas_Lueilwitz@yahoo.com,xojavezetezaleviyivi,bronze,0
954,Buster85@yahoo.com,zukifavuxecepukefoho,bronze,0
955,Clara.Goodwin@yahoo.com,deqonutibowujahatasa,bronze,0
956,Jaren75@yahoo.com,hutujotanisahurekeku,bronze,0
957,Deion_Nader76@hotmail.com,sitimitoxaqatohugadu,bronze,0
958,Rosa72@hotmail.com,yibuqowozufavorowali,bronze,0
959,Valentina_Hammes@hotmail.com,kabenopitoyowayukaji,bronze,0
960,Piper8@hotmail.com,xuvicubesocebedadafo,bronze,0
961,Wyatt59@gmail.com,ravogonatutaqakevice,bronze,0
962,Cordelia.Reynolds@yahoo.com,begavucofatagololapa,bronze,0
963,Kaitlin_Lindgren42@hotmail.com,cuyonujacujusajekere,bronze,0
964,Dee.McGlynn@gmail.com,lixecunuquhagobaqoje,bronze,0
965,Jesse54@yahoo.com,paronoguhebohoqawiyu,bronze,0
966,Gerda_Larson@yahoo.com,tisoxugaqalapemizupu,bronze,0
967,Morris_Ernser23@gmail.com,fiyakunupuvawetuledu,bronze,0
968,Rodrigo.Jast@yahoo.com,sifuhoqocupofozafiju,bronze,0
969,Lambert_Lindgren81@gmail.com,forupexemulunovugino,bronze,0
970,Brandt.Dicki@gmail.com,yevoniyavexogivuzocu,bronze,0
971,Mireille_Fisher@yahoo.com,xutaluriwocezetobofo,bronze,0
972,Clay99@gmail.com,cexagigarulicibohake,bronze,0
973,Cecelia10@hotmail.com,femimojifihuxokayana,bronze,0
974,Mariana_Conroy@hotmail.com,zejafekuhixositipiro,bronze,0
975,Stephany_Farrell@yahoo.com,fohomotocewejecijore,bronze,0
976,Brice46@yahoo.com,yitowutasifebenamavu,bronze,0
977,Ozella.Nikolaus53@yahoo.com,moguzuvirukadokazuce,bronze,0
978,Mervin_Hahn@gmail.com,rurememapomufovicebo,bronze,0
979,Mervin.Franecki@gmail.com,vujimagaroforeguveza,bronze,0
980,Eudora.Stokes@gmail.com,kunehenagariqekomiva,bronze,0
981,Jermaine.Brekke6@yahoo.com,lidaweyidofeneyibeme,bronze,0
982,Brittany_Moore@yahoo.com,qecomohujuribedixacu,bronze,0
983,Madilyn_Simonis91@hotmail.com,gubugesanepayayevavu,bronze,0
984,Woodrow34@hotmail.com,yucotufidexuxabofavu,bronze,0
985,Berenice.Littel64@yahoo.com,sefodayarezabeduvuku,bronze,0
986,Nova_Vandervort46@gmail.com,vewemeyorifovatabuve,bronze,0
987,Darrion_Sanford29@hotmail.com,nizebutupawubezuhufa,bronze,0
988,Jasmin1@gmail.com,xojikupicenirebufodi,bronze,0
989,Ashton_Bogan@gmail.com,qohesoyamuyarefozike,bronze,0
990,Sim_Weimann@yahoo.com,nuxoxudiyedocibuququ,bronze,0
991,Esmeralda83@gmail.com,neheqewomutahuhenaxa,bronze,0
992,Cordie_Kessler48@yahoo.com,wuyabapacogimofugewi,bronze,0
993,Kiara_Abernathy@yahoo.com,zirejelugiyoriqabafa,bronze,0
994,Brennon80@hotmail.com,polutivehecocosebuya,bronze,0
995,Marie_Willms98@gmail.com,kabobexevifakovomoqi,bronze,0
996,Zechariah.Gorczany@hotmail.com,biwuqewonuruzunamali,bronze,0
997,Miracle_Kirlin76@yahoo.com,kaqejivemamagagowuqa,bronze,0
998,Sid65@gmail.com,modanofiguhuriwimida,bronze,0
999,River.Kuhn61@hotmail.com,kuxihepeguhokupakoxi,bronze,0
1000,Cecelia.Barton10@yahoo.com,loqihikexucequpexiti,bronze,0
1001,Nona_Hudson@hotmail.com,fonadulobebawexivisu,bronze,0
